Cég ID,Cégnév,Nettó árbevétel 2010 (Ezer Ft),Adózott eredmény 2010 (Ezer Ft),Üzemi eredmény 2010 (Ezer Ft),Nettó árbevétel 2011 (Ezer Ft),Adózott eredmény 2011 (Ezer Ft),Üzemi eredmény 2011 (Ezer Ft),Nettó árbevétel 2012 (Ezer Ft),Adózott eredmény 2012 (Ezer Ft),Üzemi eredmény 2012 (Ezer Ft),Nettó árbevétel 2013 (Ezer Ft),Adózott eredmény 2013 (Ezer Ft),Üzemi eredmény 2013 (Ezer Ft),Nettó árbevétel 2014 (Ezer Ft),Adózott eredmény 2014 (Ezer Ft),Üzemi eredmény 2014 (Ezer Ft),Nettó árbevétel 2015 (Ezer Ft),Adózott eredmény 2015 (Ezer Ft),Üzemi eredmény 2015 (Ezer Ft),Nettó árbevétel 2016 (Ezer Ft),Adózott eredmény 2016 (Ezer Ft),Üzemi eredmény 2016 (Ezer Ft),Nettó árbevétel 2017 (Ezer Ft),Adózott eredmény 2017 (Ezer Ft),Üzemi eredmény 2017 (Ezer Ft),megjegyzés
91722,Magyar RTL Televízió Zártkörűen Működő Részvénytársaság,29106570,3103734,3439533,29205112,2641738,2255672,25799023,6643380,-23637052,23691843,2359104,481742,21591614,-1821421,-2343996,27346437,420242,518128,28154694,-1440819,-1396500,34257102,1212656,1219958,
99037,TV2 Média Csoport Korlátolt Felelősségű Társaság,0,0,0,0,0,0,0,0,0,0,-48976,-48976,9692062,-524245,115438,18372275,-5504702,-4585617,23688767,-7187402,-6049178,,,,A cég átalakulás útján megszűnt 2016.12.31. Jogutód: TV2 Média Csoport Zártkörűen Működő Részvénytársaság
98662,AMC Networks Central Europe Korlátolt Felelősségű Társaság,0,0,0,0,0,0,0,0,0,0,0,0,15236591,-665209,2172253,18213376,1028815,3117366,18145555,-2438148,1121431,18240843,-10353220,-4231565,
96380,RTL Holding Korlátolt Felelősségű Társaság,0,-500,-500,4654782,758619,998015,7621166,1702286,1965481,10187097,2501302,2794211,11476661,3263919,3263609,136,385690,382799,0,-681,-3480,,,,nincs médiuma 2017
100016,Central Médiacsoport Zártkörűen Működő Részvénytársaság (2015.q2-től),0,0,0,0,0,0,0,0,0,0,0,0,0,0,0,7894384,692856,923471,11420235,214453,123322,11100533,1754793,1602311,
99425,Mediaworks Hungary Zártkörűen Működő Részvénytársaság,0,0,0,0,0,0,0,0,0,0,-30,-30,121055,72856,142101,912845,456566,685690,11391782,-2423045,-2196948,20406205,4341919,4360483,
97602,Viacom Global Hungary Korlátolt Felelősségű Társaság,0,-27,-34,4489566,198002,144858,4186636,56953,25320,4144117,59632,70332,6905998,370093,464821,8493492,742965,873969,10168495,189237,367590,9264531,63479,203379,A cég átalakulás útján megszűnt: 2017.06.30. Jogutód: Viacom International Hungary Korlátolt Felelősségű Társaság
91092,Lapcom Kiadó Zártkörűen Működő Részvénytársaság,2227635,136801,127686,1865604,121501,114002,12743,-198922,-185990,3382457,372442,386853,9600464,301685,1150085,9510634,1365208,1424178,10001904,1393325,1472598,10477747,-636106,-625759,
92258,Pannon Lapok Társasága Kiadói Korlátolt Felelősségű Társaság,0,0,0,0,0,0,0,0,0,0,0,0,0,0,0,0,0,0,0,0,0,7522479,1138544,1150453,
92000,MTM-SBS Televízió Zártkörűen Működő Részvénytársaság,19003049,-2263860,-2184301,16264845,-8947171,-7910385,14239189,-6707315,-6145714,16180021,-10887047,-10786814,7867248,-975047,-653061,0,0,0,0,0,0,,,,A cég átalakulás útján megszűnt 2014.06.30. Jogutód: TV2 Média Csoport Korlátolt Felelősségű Társaság
91548,Lapcom Lapkiadó és Nyomdaipari Korlátolt Felelősségü Társaság,7128753,528960,-494961,7283855,1220408,678312,7555173,1797025,721275,7607569,640314,778748,0,0,0,0,0,0,0,0,0,,,,A cég megszűnt 2013.08.31. Jogutód: Lapcom Kiadó Zártkörűen Működő Részvénytársaság
90180,Ringier Axel Springer Magyarország Korlátolt Felelősségű Társaság,7936331,1272794,1486335,7417671,683496,750919,6485669,791728,864698,6356172,825001,921516,6038250,1097744,831597,6398000,1044393,752088,6780793,678703,792837,6771742,839784,500202,
90727,JCDecaux Hungary Zártkörűen Működő Részvénytársaság,2264557,57877,119844,3667106,-633186,-315351,4276152,435851,409540,4108296,660704,717712,4730631,965967,946511,4839516,869596,875132,6574379,1214224,1320031,7166176,1667952,1748657,
98903,Blikk Korlátolt Felelősségű Társaság,0,0,0,0,0,0,0,0,0,0,0,0,3759405,431717,501626,5647119,845310,986464,5846261,755374,886900,5724798,944088,1046628,
92176,New Wave Media Group Média és Kommunikációs Szolgáltató Zártkörűen Működő Részvénytársaság,4432653,-1330302,-1506072,4034446,-1478314,-1384760,4086670,-684849,-580882,3820098,-420779,-351876,4999946,-326551,-306019,5016030,-362329,-350973,5351906,499079,517651,5642542,902038,923078,A cég átalakulás útján megszűnt:  2017.12.31. Jogutód: Magyar Telekom Távközlési Nyilvánosan Működő Részvénytársaság; New Wave Media Group Kommunikációs és Szolgáltató Korlátolt Felelősségű Társaság
93346,"Russmedia Lapkiadó, Információs és Kulturális",5908136,306984,621110,5579347,-691381,65574,5073833,-213940,65430,4808360,124658,106193,5010980,75712,110129,5231542,740270,532842,5104247,466831,495485,5610800,1350598,1217138,
92418,Publimont Hirdetésszervező Korlátolt Felelősségű Társaság,2796772,340001,323105,4359528,1054106,1239365,5858625,1881561,2197116,8168528,3189929,3745891,8280570,3034264,3600827,4081079,490854,521981,4171784,431611,536074,3994315,409100,490071,
92564,Media Records Zártkörűen Működő Részvénytársaság,17973553,-1999375,814243,18226882,538153,715356,17689223,200778,443378,17313799,-293848,-20871,18603636,2124089,3487633,3774198,668587,1124773,0,78951,83088,,,,nincs médiuma 2017
93546,Heti Világgazdaság Kiadói Zártkörűen Működő Részvénytársaság,2738674,-188177,-213213,3379913,-271029,-355694,3140347,-187300,-358148,2967341,-208128,-256144,3310616,-18843,-44109,3329957,141293,137355,3532980,113003,117566,3650887,207693,210721,
99223,Central Digitális Média Korlátolt Felelősségű Társaság,0,0,0,0,0,0,0,0,0,0,0,0,0,0,0,2103656,240036,272306,3517253,391381,441565,3882029,622663,669022,
90057,Advenio Műsorszolgáltató Zártkörűen Működő Részvénytársaság,2434154,161725,225188,2333232,53795,178630,2623680,910911,1085759,3360867,1172620,1401328,3627954,1387272,1632292,2959309,837487,964013,3345218,553723,620190,n.a,n.a,n.a,
92518,Mediaworks Kiadó és Nyomda Korlátolt Felelősségű Társaság,13860391,1400756,1530890,13660107,708770,685229,15325481,1189079,986074,14403223,-84936,818756,12518554,-2379378,-784006,9070957,-619319,-212472,3179530,-13033,18955,,,,A cég átalakulás útján megszűnt 2016.04.30. Jogutód: Blikk Kft.; Mediaworks Hungary Zrt.
96994,Pannon Napilapok Betéti Társaság,0,0,0,0,0,0,2843383,462127,513422,0,0,0,0,0,0,0,0,0,0,0,0,,,,A cég átalakulás útján megszűnt 2012.12.31. Jogutód: PANNON LAPOK TÁRSASÁGA KIADÓI KORLÁTOLT FELELŐSSÉGŰ TÁRSASÁG
91112,HírTV Műsorszolgáltató és Hirdetésszervező Zártkörűen Működő Részvénytársaság,6976670,302403,345763,8885992,528079,598070,9320829,565623,650321,7688183,534757,595872,7089832,632826,696935,4035073,188066,89860,2694428,-770753,-767304,2356617,-1400116,-1377993,
92565,Digital Media and Communications Közép-európai Kommunikációs Zártkörűen Működő Részvénytársaság,1758775,55903,53030,2099902,-10938,22441,1992477,-101489,-115881,2016292,-346637,-343348,2128129,-38475,-205021,2809483,196970,236806,2418825,545882,580919,1932563,175713,186783,
92066,Magyar Idők Kiadó Korlátolt Felelősségű Társaság,669826,-33692,-36207,639511,-17075,-17867,599607,-730,-509,478128,-110676,-106302,704063,5064,9986,872202,-343176,-340917,2410971,342193,375335,1792233,82330,97171,
90167,ATV Első Magyar Magántelevíziós Zártkörűen Működő Részvénytársaság,2782413,142563,115017,2608267,299579,254201,1881327,91530,33326,1909361,76879,32613,2156670,79657,34588,1600109,-358003,-359157,2234844,47823,32303,2374545,110666,100813,
91813,Marquard Média Magyarország Kiadó Korlátolt Felelősségű Társaság,1762837,64886,-30469,1649742,54407,-25114,1684240,14957,-15810,1765958,42082,5209,1793161,64396,29643,1821673,58512,34022,2051103,109302,112056,2231043,306906,271998,
98205,AXN Magyaroszág Szolgáltató Korlátolt Felelősségű Társaság,1786679,188536,249971,2053976,205069,191116,2209219,189897,204129,1949462,153364,146390,1840530,119060,159155,2037277,39243,79346,2871939,217759,227603,2349973,156951,175484,A cég átalakulás útján megszűnt:  2017.12.31. Jogutód: Sony Pictures Television Central Europe Kft.
99392,Modern Media Group Befektetési és Vagyonkezelő Zártkörűen Működő Részvénytársaság,0,0,0,0,0,0,0,0,0,0,0,0,0,0,0,803922,204460,224859,1986027,54772,60441,3179663,683210,750882,
93152,Z+ Műsorszolgáltató Zártkörűen Működő Résztvénytársaság,1821727,191255,187055,0,0,0,0,0,0,0,0,0,0,0,0,0,0,0,0,0,0,,,,A cég átalakulás útján megszűnt 2010.09.30. Jogutód: Viacom Global Hungary Korlátolt Felelősségű Társaság
93344,Index.hu Informatikai Zártkörűen Működő Részvénytársaság,2781533,32217,326920,2310165,-21659,-40063,2531830,-12671,-84626,2695182,-2794,37351,2067941,13144,35449,2167950,275248,294650,1794742,-92857,-84470,1429804,99133,114103,
96789,Szuperinfó Média Hirdető és Lapterjesztő Korlátolt Felelősségű Társaság,0,0,0,1052677,110045,127291,1375562,221320,245255,1886110,177261,196163,1697760,197421,225205,1702799,201286,224714,1740476,209897,233473,1740900,168119,184736,
90181,Mediaworks Regionális Kiadó Korlátolt Felelősségű Társaság,8194712,453496,46498,7515874,388689,8781,6832488,746723,227310,6194922,911535,570424,5707598,394652,521671,5467739,533853,588944,1543577,100556,96563,,,,A cég átalakulás útján megszűnt 2016.04.30. Jogutód: Mediaworks Hungary Zrt.
98204,Viasat Hungária Szolgáltató Zártkörűen Működő Részvénytársaság,8436050,351339,465363,8179145,-49907,472473,7171844,692144,360698,6743524,260806,272018,6834823,248367,350530,7548730,259171,426638,5324961,241472,335460,3412625,135498,125552,A cég átalakulás útján megszűnt:  2017.12.31. Jogutód: Sony Pictures Television Central Europe Kft.
93414,Net Média Kiadó és Internet Tartalomszolgáltató Zártkörűen Működő Részvénytársaság,1325554,528080,596055,1005091,335920,278957,791734,157416,172075,862081,184696,198627,928605,175853,173500,1068631,200869,183139,1237586,161475,171949,1353057,243253,238955,
90417,Chello Central Europe Műsorszolgáltató Zártkörűen Működő Részvénytársaság,12261713,-5503752,-3037297,13378772,-4527821,-1483300,14897006,-6259151,-992992,15345744,-2368830,-748506,1215650,93343,198474,0,0,0,0,0,0,,,,A cég átalakulás útján megszűnt 2014.01.31. Jogutód: Chello Central Europe Műsorszolgáltató Korlátolt Felelősségű Társaság
90938,Geomédia Kiadói Zártkörűen Működő Részvénytársaság,1867948,94315,138986,1535922,-82650,-93307,1306694,-2499,-42835,1231423,-138155,-36838,1305768,26635,36786,1260094,31454,37034,1146061,730826,752591,,,,nincs médiuma 2017
91146,Hungaroplakát Reklám Korlátolt Felelősségű Társaság,1493672,-67538,-61916,1117167,-269392,-267072,967239,-36140,-34962,1213768,32804,35993,1503432,60947,73803,1047904,-65557,-50668,1074247,82897,84822,1116645,104922,143534,
92081,Nemzet Lap- és Könyvkiadó Korlátolt Felelősségű Társaság,2781828,132772,11694,2733153,25702,-172952,3055047,752090,210789,3089737,712069,302614,3137211,929827,436553,2225301,60762,-168239,1038451,-762295,-984488,804683,-919057,-1133256,
92455,Sláger FM Hálózat Zártkörűen Működő Részvénytársaság,411942,-147327,-143837,401280,-104700,-52858,356524,-6244,-16136,320569,3556,-14860,874643,247752,239679,762491,135774,117525,1018608,214305,239828,1049097,172502,187581,
99394,Ripost Média Szolgáltató és Kommunikációs Korlátolt Felelősságű Társaság,0,0,0,0,0,0,0,0,0,0,0,0,0,-85,-85,373247,39253,39555,989704,58046,62958,3042759,208790,229505,
92637,Spektrum-TV Közép-Európai Műsorkészítő Zártkörűen Működő Részvénytársaság,1663399,-86262,950503,969430,-255258,596037,0,0,0,0,0,0,0,0,0,0,0,0,0,0,0,,,,A cég átalakulás útján megszűnt 2011.08.31. Jogutód: Chello Central Europe Műsorszolgáltató Zártkörűen Működő Részvénytársaság
90765,EMG Médiacsoport Korlátolt Felelősségű Társaság,3818107,-602610,-446010,968152,-1166675,-953889,54658,-3203948,-322980,31,-430857,-288981,0,-122265,-298900,0,-730078,-471434,0,-19015,-19009,,,,nincs médiuma 2017
98886,Új Média és Teletext Szolgáltató Korlátolt Felelősségű Társaság,266144,8573,4417,216734,804,4920,544313,5380,6224,561600,4076,3405,734942,34704,36584,908743,1491,3332,963427,-109291,-107306,1159648,28368,30446,
92968,TV Paprika Műsorszolgáltató Zártkörűen Működő Részvénytársaság,1346546,-356544,-213726,928167,-130348,-171613,0,0,0,0,0,0,0,0,0,0,0,0,0,0,0,,,,A cég átalakulás útján megszűnt 2011.08.31. Jogutód: Chello Central Europe Műsorszolgáltató Zártkörűen Működő Részvénytársaság
90648,"Echo Hungária TV Televíziózási, Kommunikációs és Szolgáltató Zártkörű Részvénytársaság",1012770,-352713,-356786,1027072,-233300,-238627,863121,-207473,-211471,985365,-14866,-16722,901516,-72867,-75237,791973,-180474,-172258,893559,-86861,-84989,4154690,1286771,1329850,
90439,COMEDY CENTRAL MAGYARORSZÁG Zártkörűen Működő Részvénytársaság,865760,-138727,-102260,0,0,0,0,0,0,0,0,0,0,0,0,0,0,0,0,0,0,,,,A cég átalakulás útján megszűnt 2010.09.30. Jogutód: Viacom Global Hungary Korlátolt Felelősségű Társaság
98206,Discovery Hungary Média Szolgáltató Korlátolt Felelősségű Társaság,371438,72701,87046,277642,1789,1631,300620,9302,8723,296919,26366,30522,337943,36062,41520,454214,115185,131982,853186,297224,332806,596286,134763,150143,
93510,Vas Népe Reklám-Propaganda és Kiadói Betéti Társaság,868900,164148,191860,845772,163116,181546,0,0,0,0,0,0,0,0,0,0,0,0,0,0,0,,,,A cég átalakulás útján megszűnt 2011.12.31. Jogutód: Pannon Napilapok Betéti Társaság
91051,Hearst Central Kiadói Korlátolt Felelősségű Társaság,567833,1484,5104,1107461,-1737,10264,1021589,-10821,3288,1068668,28865,39545,967320,10399,16001,877074,-11324,-2203,820837,-22275,-21090,393658,-15109,-15416,nincs médiuma 2017
93165,Zalai Hírlap Kiadói Betéti Társaság,839143,129606,151445,801610,105771,117750,0,0,0,0,0,0,0,0,0,0,0,0,0,0,0,,,,A cég átalakulás útján megszűnt 2011.12.31. Jogutód: Pannon Napilapok Betéti Társaság
91149,HVG ONLINE Internetes Fejlesztő Kereskedelmi Szolgáltató és Tanácsadó Zártkörűen Működő Részvénytársaság,787632,-28263,-27963,2516,-16294,-20147,0,-1218,-6362,0,-4363,-4875,0,-2242,-2488,0,-2616,-2718,0,-1803,-1828,,,,nincs médiuma 2017
91105,Hírlap Press Kiadói Betéti Társaság,781677,-24273,-22253,756919,-47899,-46440,0,0,0,0,0,0,0,0,0,0,0,0,0,0,0,,,,A cég átalakulás útján megszűnt 2011.12.31. Jogutód: Pannon Napilapok Betéti Társaság
92366,PONT Reklám Korlátolt Felelősségű Társaság,723268,27231,29822,458621,-73911,-75031,561753,1009,928,676145,11969,12582,686612,65346,67101,738337,36042,37896,741904,58853,64153,822656,80152,88529,
98558,Palóc Média Korlátolt Felelősségű Társaság,0,0,0,0,0,0,0,-115,-115,58803,459,496,730163,-3638,-1238,0,0,0,0,0,0,,,,nincs médiuma 2017
90400,Mobil Marketing Korlátolt Felelősségű Társaság,1345581,2827,12660,0,0,0,0,0,0,0,0,0,0,0,0,0,0,0,0,0,0,,,,A cég megszűnt 2015.11.26.
91661,MAGYAR HÍRLAP Kiadói Korlátolt Felelősségű Társaság,679550,-365153,-365351,540577,-306817,-306858,487660,-253789,-253733,652156,-35868,-36794,417873,-233831,-233107,620755,-10701,-9957,685626,9186,9736,740730,81912,86252,
91778,Mahír Cityposter Korlátolt Felelősségű Társaság,1058404,60499,58114,893555,119193,101246,925467,103000,113369,969588,133577,138711,1139120,207247,221275,759174,-131145,-133203,682481,157437,154609,749096,88552,96945,
92002,MTV Networks Magyarország Műsorszolgáltató Zártkörűen Működő Részvénytársaság,682374,20113,-3697,0,0,0,0,0,0,0,0,0,0,0,0,0,0,0,0,0,0,,,,A cég átalakulás útján megszűnt 2010.09.30. Jogutód: Viacom Global Hungary Korlátolt Felelősségű Társaság
91459,Közép-Dunántúli Napló Kiadói Betéti Társaság,700583,81004,94595,672272,75588,84936,0,0,0,0,0,0,0,0,0,0,0,0,0,0,0,,,,A cég átalakulás útján megszűnt 2011.12.31. Jogutód: Pannon Napilapok Betéti Társaság
93923,Tematik Kabel Kereskedelmi és Szolgáltató Korlátolt Felelősségű Társaság,110232,3871,5816,206154,11324,12034,319111,496,2362,404420,2240,7467,466509,3525,7345,515542,22057,36272,663467,4895,14051,654793,53454,33120,
92881,Théma Lapkiadó Kereskedelmi és Szolgáltatási Korlátolt Felelősségű Társaság,1290289,118380,125888,1109017,-62422,-56783,1082415,48771,7585,871146,-70610,-103696,658470,-68621,-20816,15848,-172023,-79031,0,0,0,,,,nincs médiuma 2017
100157,Horizont Reklám Szervíz Szolgáltató Korlátolt Felelősségű Társaság,339466,27583,34671,368150,41229,48931,314784,56201,60535,408392,46534,51122,405476,77368,84552,498488,91734,95577,652298,111753,117203,724518,187894,197458,
99383,Mworks Print Zártkörűen Működő Részvénytársaság,0,420,-569,0,339,-561,0,724,-283,0,277,-273,0,-270,-338,1749239,-449345,-448341,639751,-125846,-125513,,,,A cég átalakulás útján megszűnt 2016.04.30. Jogutód:  Mediaworks Hungary Zrt.
93140,"MediaCity Magyarország Kiadó, Kereskedelmi és Szolgáltató Korlátolt Felelősségű Társaság",191789,3482,5791,666099,3584,15251,926533,333,2807,842211,-60769,-61857,884662,11889,16571,634542,-183236,-180832,72568,57362,54960,293968,-43382,-42661,
90206,BAJA MARKETING Bajai Kommunikációs és Marketing Korlátolt Felelősségű Társaság,149791,623,1444,170756,718,1661,270231,3178,5176,357423,791,2397,503717,886,1783,579607,1442,2868,618468,951,1789,647657,3342,3888,
92090,Népszabadság Kiadó és Nyomdaipari Zártkörűen Működő Részvénytársaság,4508612,-691344,-695849,3829663,-862966,-915853,3213105,-513722,-593709,2886632,-1425178,-523266,2693857,-481942,-475235,606446,134873,163084,17060,200712,188236,,,,nincs médiuma 2017
91998,MTG Metro Gratis Kereskedelmi és Szolgáltató Korlátolt Felelősségű Társaság,2189155,96222,-59869,2492110,447078,219473,2862269,206450,221324,3122926,402886,414284,3079806,408486,437400,1874594,-233299,-228070,604701,-432884,-430342,631964,-650704,-648949,nincs médiuma 2017
91084,Heti Válasz Lap- és Könyvkiadó Szolgáltató Korlátolt Felelősségű Társaság,989152,39868,32067,922709,5511,7897,951553,37730,39448,1010476,49350,53605,958357,5963,10411,878658,17661,18317,583679,-113660,-142913,583679,-113660,-142913,
90780,EURO-AWK Budapest Reklámszervező Korlátolt Felelősségű Társaság,888659,161896,140439,824525,202054,168295,787386,187266,152647,795766,220812,178932,839088,150283,159197,482620,-371684,-192777,575725,-248810,-235852,519592,-244457,-71977,
96956,PRODO VOICE STUDIO Műsorszolgáltató Zártkörűen Működő Részvénytársaság,0,0,0,0,-957,-1754,484541,-114714,-67786,681833,21473,31451,576294,4801,8385,483893,-79725,-75944,571485,-38710,-35693,678682,86705,94861,
93258,Russmedia Digital Szolgáltató Korlátolt Felelősségű Társaság,466535,-25695,-17656,403636,-28830,-8125,374730,-124740,-125882,425996,-65331,-61683,478714,-36641,-35021,465396,5154,7771,548126,-37190,-37347,609358,48021,52548,
91842,"KözPont Újbudai Kulturális, Pedagógiai és Média Korlátolt Felelősségű Társaság",186443,-7880,-7331,150187,-5292,-8614,131776,-14234,-15195,191648,15841,15319,271356,15697,15007,336278,23632,23677,548094,34410,35432,573646,7002,7528,
98486,Mediarey Hungary Services Korlátolt Felelősségű Társaság,0,0,0,0,0,0,0,0,0,56834,1187,1685,332825,10544,15751,383917,37455,45284,522923,92116,107465,681029,142094,158748,
92092,Népszava Lapkiadó Korlátolt Felelősségű Társaság,950144,-150605,-116140,779541,-13626,-15447,693562,-44021,-37931,778834,52104,50379,677924,-24610,-21027,580016,5768,5063,503649,24879,32413,,,,A cég végelszámolási eljárás alatt áll
93343,Inda-Labs Informatikai Szolgáltató Zárkörűen Működő Részvénytársaság,94320,-115163,-107605,198277,20998,15525,318850,145474,146677,303504,141287,142895,241411,55947,55629,253954,41844,44202,499908,71534,73686,547333,48670,51257,
98432,Magyar Jeti Zártkörűen Működő Részvénytársaság,0,0,0,0,0,0,0,0,0,22047,-119712,-121146,142749,-101210,-108743,205328,-77248,-80717,496760,-40752,-40813,510505,-63533,-62820,
91494,KROC Kereskedelmi és Szolgáltató Korlátolt Felelősségű Társaság,553895,12181,11643,443977,-16895,-12974,422864,31217,26634,442531,9354,-4253,542799,40989,39409,448475,1793,2014,492902,38011,49367,551577,163160,198355,
91917,SZUPERINFÓ-KELET Hirdető és Lapterjesztő Korlátolt Felelősségű Társaság,1020836,182791,210760,491797,73713,76234,0,0,0,0,0,0,0,0,0,0,0,0,0,0,0,,,,A cég átalakulás útján megszűnt 2011.06.30. Jogutód: SZUPERINFÓ MÉDIA Hirdető és Lapterjesztő Korlátolt Felelősségű Társaság
96991,Kurens Press Media Korlátolt Felelősségű Társaság,0,0,0,421799,90940,101954,2121008,147345,159031,474933,-37817,-39943,0,-5992,-6060,0,-627,-624,0,-522,-520,,,,nincs médiuma 2017
92712,Szegedi Rendezvény- és Médiaközpont Nonprofit Korlátolt Felelelősségű Társaság,370687,-19146,-20179,285905,14700,16579,264925,-65735,-66346,229454,-114869,-114531,139845,659,7216,191998,17403,21183,466053,13248,13794,519992,-38285,-37739,
93186,ZÖLD ÚJSÁG Tömegkommunikációs és Kiadói Zártkörűen Működő Részvénytársaság,1183307,36202,46765,998213,12906,42744,689612,20544,29532,573407,25998,39290,476979,11876,9689,461329,-94135,-97962,113697,-47011,-47958,,,,A cég átalakulás útján megszűnt 2016.04.30. jogutód: Mediaworks Hungary Zrt.
98179,Euronews Hungary Korlátolt Felelősségű Társaság,0,0,0,0,0,0,0,-4,-4,286599,13481,-1526,428659,19277,-14943,442133,17389,-13373,446728,16899,21292,451701,17672,21393,
92807,SZUPERINFO MAGYARORSZÁG Országos Laphálózatszervező és Tanácsadó Korlátolt Felelősségű Társaság,783379,71535,81388,438139,55565,62087,0,0,0,0,0,0,0,0,0,0,0,0,0,0,0,,,,A cég átalakulás útján megszűnt 2011.06.30. Jogutód: SZUPERINFÓ MÉDIA Hirdető és Lapterjesztő Korlátolt Felelősségű Társaság
99855,Radio Plus Korlátolt Felelősségű Társaság,0,0,0,0,0,0,0,0,0,0,0,0,0,0,0,0,-1384,-693,416554,-140856,-128153,2810086,879143,963562,
92443,Rádió 1 Rádióműsort Készítő és Közlő Korlátolt Felelősségű Társaság,1603386,71734,60875,1405632,23473,17076,399207,-104724,-108061,22831,-46533,-47586,2352,-8226,-8609,10413,-76,240,0,6357,7124,,,,nincs médiuma 2017
90779,Euro Publicity Kereskedelmi és Szolgáltató Korlátolt Felelősségű Társaság,371797,49803,54614,460385,74379,40988,461345,92932,52093,546764,109848,79202,558174,138492,96313,370636,105698,44672,398871,145304,83113,314038,71280,16449,
91186,INFORÁDIÓ Műsorszolgáltató Korlátolt Felelősségű Társaság,579687,-28822,-34799,337045,-98851,-108252,401776,82006,74368,420655,38307,-2299,525077,101681,75399,465876,38050,5345,393101,7359,7989,394155,16520,17722,
91798,Maraton Lapcsoport-Multivizió Kiadói Korlátolt Felelősségű Társaság,326939,2645,3362,254274,3341,3857,231828,3415,4858,264209,6961,8275,277054,5108,5001,297164,7951,10358,353607,10080,11902,694091,14699,16744,
96100,"Krekk-Info Reklám, Terjesztési és Szolgáltató Nonprofit Korlátolt Felelősségű Társaság",141920,2521,-81394,450556,30959,30068,389450,-46132,-45173,353578,27544,32339,314194,617,526,73456,425,473,47481,636,584,,,,nincs médiuma 2017
92851,Telegráf Kiadó Korlátolt Felelősségű Társaság,510472,4241,-10221,448305,-1527,-20092,429142,10325,-24919,405690,-38178,-43724,428161,-25285,-37169,417886,-23986,-38828,348551,-120462,-119276,291438,-93465,-108460,
99582,Nouvelle Media Korlátolt Felelősségű Társaság,0,0,0,0,0,0,0,0,0,0,0,0,0,0,0,54145,-78947,-79037,333572,-24069,-23397,224433,224605,246985,
99317,"Mobil Lap Kiadói, Kereskedelmi és Szolgáltató Korlátolt Felelősségű Társaság",0,0,0,0,0,0,0,0,0,0,0,0,0,-124,-124,224412,14265,14265,329870,18544,18544,342114,12409,12409,
98539,Oxygen Group Kereskedelmi és Szolgáltató Korlátolt Felelősségű Társaság,25,2,2,24684,2982,3299,111141,1212,1629,0,0,0,275285,30098,37806,220020,10798,14802,321339,20886,26970,291340,18341,23014,
99604,Karc FM Média Rádiós Médiaszolgáltatást Támogató és Reklám Korlátolt Felelősségű Társaság,0,0,0,0,0,0,0,15,-411,0,22911,24896,4853,2505,2502,1866,1950,1628,311986,-15921,-11797,284126,-91938,-91378,
92259,PANNON PLAKÁT Reklám Korlátolt Felelősségű Társaság,457557,3246,10479,385927,34171,37419,429853,56625,57447,363813,35194,36732,459237,56854,51529,518173,48766,32115,307091,15190,12074,278702,36483,34271,
92368,POP Print és Online Piac Korlátolt Felelősségű Társaság,267741,-115005,-98388,496163,-85098,-60684,299278,-506975,-485370,140,-62300,-52611,0,2981,3196,0,41,-9,0,-5205,-5149,,,,nincs médiuma 2017
90828,Fehérvár Médiacentrum Korlátolt Felelősségű Társaság,307008,-34572,-33681,297610,13712,14122,75896,16469,17767,115180,27132,24865,119793,-6731,-7430,111452,9700,10344,105510,-11533,-10650,130808,1047,1958,
90518,Médiacentrum Debrecen Korlátolt Felelősségű Társaság,331266,-71087,-43558,322751,-79607,-60638,284672,-87735,-96363,334279,-141548,-128777,369613,-134440,-123173,344728,-119259,-126215,294947,-152144,-150757,345489,-128711,-126534,
98611,New Wave Production Informatikai Szolgáltató és Tanácsadó Korlátolt Felelősségű Társaság,0,0,0,0,0,0,0,0,0,1611,-48639,-47162,127632,-133283,-122047,170266,-330289,-316869,291471,-216159,-188124,,,,nincs médiuma 2017
92324,Petőfi Lap- és Könyvkiadó Korlátolt Felelősségű Társaság,1131096,136598,161151,1106882,159863,179289,1022731,144186,155564,935672,179900,192544,934683,166355,183242,974504,229457,248191,290678,54714,56876,,,,A cég átalakulás útján megszűnt 2016.04.30. Jogutód: Mediaworks Hungary Zrt.
90030,A.M. HUNGARY Korlátolt Felelősségű Társaság,147833,8316,9759,137075,6291,7052,95474,4844,5474,271253,3147,3496,306427,29641,32830,288283,19905,22161,130815,10763,12303,122189,39665,42599,
95718,Bálintfy és Társai Ingatlanberuházó Zártkörűen Működő Részvénytársaság,0,211,-2055,0,-33521,-17512,309133,-179666,-216592,291684,61254,62042,275452,7592,12933,283307,57565,64724,643,-5465,-4549,,,,nincs médiuma 2017
92990,Újpesti Sajtó Szolgáltató Nonprofit Korlátolt Felelősségű Társaság,23358,-894,1791,0,0,0,0,0,0,0,0,0,0,0,0,0,0,0,276818,8184,8209,119428,13687,13693,
92510,GYŐR+MÉDIA Zártkörűen Működő Részvénytársaság,61480,129,1100,59144,16,1183,54933,-73806,-72735,185838,716,-98850,215537,376,3291,290134,50,2826,272260,194,7229,340284,216,2173,
90866,Filmmúzeum Műsorszolgáltató Zártkörűen Működő Részvénytársaság,398325,-304072,-229809,270116,-75051,-54534,0,0,0,0,0,0,0,0,0,0,0,0,0,0,0,,,,A cég átalakulás útján megszűnt 2011.08.31. Jogutód: Chello Central Europe Műsorszolgáltató Zártkörűen Működő Részvénytársaság
99814,Insider Media Lapkiadó Korlátolt Felelősségű Társaság,0,0,0,0,0,0,0,0,0,0,0,0,0,0,0,0,-353,-353,269683,91728,101881,279976,54661,60038,
90878,FM1 Kommunikációs és Kulturális Zártkörűen Működő Részvénytársaság,1143574,-713868,-694427,641049,-1234238,-1209309,268993,-568542,-785398,0,0,0,0,0,0,0,0,0,0,0,0,,,,nincs médiuma 2017
92093,Népújság Korlátolt Felelősségű Társaság Békéscsaba,960600,75718,87245,933089,83972,87934,865090,76880,83670,816059,96890,102167,823832,97545,105762,900547,176712,191074,264959,43281,44807,,,,A cég átalakulás útján megszűnt 2016.04.30. Jogutód:  Mediaworks Hungary Zrt.
96037,STRINGONIUM PRESS Kiadó és Szolgáltató Korlátolt Felelősségű Társaság,368488,-14010,-13239,263194,-9380,-6914,148820,-28224,-28186,0,0,0,0,0,0,0,0,0,0,0,0,,,,nincs médiuma 2017
93039,VÁROS-KÉP Szolgáltató Nonprofit Korlátolt Felelősségű Társaság,215810,530,1087,231233,9634,10295,212021,-18884,-10513,237136,-11059,-17928,255144,5186,4123,248829,3683,3090,253281,539,1097,325928,4993,5683,
96449,Alföld Kamera Debrecen Szolgáltató Korlátolt Felelősségű Társaság,1000,193,215,32035,3769,3891,98711,11100,11550,136523,3810,6240,174070,13377,7673,251265,105196,83430,96507,-30156,-28485,49798,-40626,-38575,A cég átalakulás útján megszűnt: 2017.09.30. Jogutód: Energobuild Hungary Korlátolt Felelősségű Társaság
98666,Mediaworks Magazines Kiadó Korlátolt Felelősségű Társaság,0,0,0,0,0,0,0,0,0,0,0,0,446110,17622,19623,855079,4649,4770,239500,-74542,-74647,,,,A cég átalakulás útján megszűnt 2016.04.30. Jogutód:  Mediaworks Hungary Zrt.
97116,BMS Hungary Zártkörűen Működő Részvénytársaság,0,0,0,98870,540,657,286840,487,-4727,243026,1019,1748,231839,1001,2718,236512,1469,834,239163,-99026,-98350,,,,nincs médiuma 2017
96270,www.Napi.hu Online Internetes és Információs Szolgáltató Korlátolt Felelősségű Társaság,104112,8131,6087,118781,15030,12697,125547,1279,-1811,152994,-4403,-6448,229295,5599,6446,275378,41043,44781,238910,-4464,-4785,271714,24815,27208,
92115,Nógrádi Média Kiadói Korlátolt Felelősségű Társaság,312319,1069,3237,238832,-2310,6560,0,0,0,0,0,0,0,0,0,0,0,0,0,0,0,,,,A cég megszűnt 2017.01.19.
99819,Napiüzlet Média Kereskedelmi és Szolgáltató Korlátolt Felelősségű Társaság,0,0,0,0,0,0,0,0,0,0,0,0,116430,1817,2018,247323,4736,5292,235283,5578,6700,271155,6941,8956,
91753,Magyarnarancs.hu Lapkiadó Korlátolt Felelősségű Társaság,258520,16139,15385,230898,-20511,-25363,231068,-53649,-51034,207486,-65307,-65862,243387,-23750,-18683,238207,-21116,-14398,234254,-14883,-13672,238145,-17319,-16648,
90598,Domino Tv Műsorszolgáltató Zártkörűen működő Részvénytársaság,62140,1810,3928,105460,3781,4630,64412,2729,3543,71454,1188,1942,232845,1360,2867,144763,543,1400,126356,-2665,-605,n.a.,n.a.,n.a.,
90621,Duna Médiaszolgáltató Nonprofit Zártkörűen Működő Részvénytársaság,645958,-725749,-766275,389798,87960,265627,3034,53348,35377,9791,27024,18167,7962,20175,20245,104104,-277171,-278934,232269,241797,241372,217885,-247631,-245099,
91920,MIKOM Miskolci Kommunikációs Nonprofit Korlátolt Felelősségű Társaság,280256,3040,-6995,263664,-3288,-3486,287296,3665,5767,284462,-85280,-80974,327087,-73873,-77522,248634,-40547,-38455,228184,-16943,-17284,251206,5621,6074,
94768,Média-Hatvan Nonprofit Közhasznú Korlátolt Felelősségű Társaság,2083,-4265,-4265,94188,-9257,-9257,112758,7678,7908,120914,1766,1870,143869,-11722,-11798,201897,8082,8421,228114,-1843,-1844,237757,1762,1815,
92645,SPRINT Kereskedelmi és Szolgáltató Korlátolt Felel ősségű Társaság,231351,37129,31547,188539,49436,41629,204998,79306,73825,190641,25,2490,195022,24728,27440,208505,17816,20024,227872,20110,21670,252768,41563,45504,
91177,IMPRESS-RÉGIÓ Kiadó és Szolgáltató Korlátolt Felelősségű Társaság,202863,16513,201,179196,40211,19124,180246,49373,29977,177869,44521,33984,214296,25275,22186,213061,37052,36969,223719,71109,73041,242063,56475,57715,
90759,Erzsébetvárosi Média Nonprofit Korlátolt Felelősségű Társaság,0,0,0,0,0,0,0,0,0,0,0,0,0,0,0,0,0,0,0,0,0,,,,nincs médiuma 2017
92292,Pécsi Kommunikációs Központ Korlátolt Felelősségű Társaság,161038,-2809,-1004,145084,-2581,-2007,166283,21390,24292,148784,-8664,-7625,138303,9364,10468,203736,33185,36890,215896,-1756,-812,216104,-3362,-2461,
98812,Színesászmédia Kereskedelmi és Szolgáltató Korlátolt Felelősségű Társaság,0,0,0,0,0,0,0,0,0,0,0,0,137819,16780,18089,171467,627,1372,208186,13433,15507,n.a.,n.a.,n.a.,
90339,"Budai Polgár Kiadó, Tájékoztató és Kulturális Közhasznú Nonprofit Korlátolt Felelősségű Társaság",175397,-275,-226,154264,-10373,-10343,164327,-5697,-5706,170039,-4225,-4232,203938,20,219,210309,-156,67,207656,7725,8147,197710,-2505,-2460,
90772,EHÍR Esztergomi Hirdető Korlátolt Felelősségű Társaság,207148,-10879,-5846,45869,-29510,-27214,11193,-42481,-39120,147,-19437,-17041,396,-35826,-34551,0,25098,-2634,0,811,1322,n.a.,n.a.,n.a.,A cég végelszámolási eljárás alatt áll
92180,Oroszlányi Televízió Korlátolt Felelősségű Társaság,319817,39995,39602,252784,20654,16431,206485,-21276,-25810,182334,-13549,-16347,176688,-17722,-18625,174048,-41376,-24235,166838,-13956,-7347,,,,nincs médiuma 2017
96941,Zselici Forrás Szolgáltató Korlátolt Felelősségű Társaság,62220,3591,4067,54435,1616,1903,68686,1114,1256,112040,20821,21011,108513,4380,5592,204794,70537,75606,80044,-10397,-10290,106713,11097,12111,
97854,Helikon Infó Informatikai és Szolgáltató Korlátolt Felelősségű Társaság,140113,12864,15135,153109,-5064,-4152,201623,16686,19762,184505,2163,2942,201553,8239,10661,149876,5717,6872,103488,9945,11371,107534,21646,23603,
91208,IRODALOM Lap és Könyvkiadó Kulturális Szolgáltató Korlátolt Felelőségű Társaság,204833,785,-15033,193692,-3832,-14854,225840,20077,-12457,222289,13992,-8413,203638,-6351,-21451,189280,-3753,-12916,197786,-19293,-19025,199477,-7361,-8866,
98384,Epicenter Market Hungary Kereskedelmi és Szolgáltató Korlátolt Felelősségű Társaság,0,0,0,0,0,0,0,0,0,51688,707,785,190665,5773,6513,0,0,0,0,0,0,,,,A cég megszűnt 2016.07.05.
91108,Hírös Modul Szuperinfó Korlátolt Felelősségű Társaság,151834,2949,2733,148606,3510,2301,135849,-9424,-9248,124990,1948,8603,126953,1455,6935,154442,12873,22215,189041,13415,24051,216415,23391,31123,
90955,"GONG RÁDIÓ Információs, Kereskedelmi és Szolgáltató Korlátolt Felelősségű Társaság",126015,12770,14742,112370,142,-863,114941,1212,1577,112293,9276,11258,139869,24836,29613,148424,21387,26100,181045,42869,48549,194829,43863,48585,
90043,Absolut Media Szolgáltató és Kereskedelmi Korlátolt Felelősségű Társaság,282139,368,-94641,180886,970,-32989,0,0,0,0,0,0,0,0,0,0,0,0,0,0,0,,,,A cég átalakulás útján megszűnt 2011.10.04. Jogutód: Absolut Media Zártkörűen Működő Részvénytársaság
97112,Palóc Press Korlátolt Felelősségű Társaság,0,0,0,0,0,0,180832,4722,5239,0,0,0,0,0,0,0,0,0,0,0,0,,,,nincs médiuma 2017
92513,RF-HOBBY Lapkiadó Korlátolt Felelősségű Társaság,190161,-4838,-4601,180193,-8204,-8053,135642,-4750,-4613,121068,-18280,-18160,110926,-7275,-7074,0,0,0,0,0,0,,,,nincs médiuma 2017
91040,Haszon Lapkiadó Korlátolt Felelősségű Társaság,333796,4598,3359,321266,7104,5426,300664,-23471,-24299,236010,1627,1068,216980,777,939,196729,1828,1944,175284,1737,2027,109065,-28905,-28871,
92015,MŰSOR-HANG Műsorszolgáltató Zártkörűen Működő Részvénytársaság,172705,-259754,-117291,133297,-51254,-117518,135600,-120817,-103208,95789,-12338,-9755,82990,-30228,-5630,71679,-64572,-70230,93283,6311,10142,n.a.,n.a.,n.a.,
98288,Direct Media Agency Reklám és Kiadó Korlátolt Felelősségű Társaság,0,0,0,0,-52,-52,479243,14943,16596,440410,14296,15869,284013,4479,4956,326620,13517,15014,171242,1398,2186,n.a.,n.a.,n.a.,
99393,Nógrád Hírcentrum Korlátolt Felelősségű Társaság,0,0,0,0,0,0,0,0,0,0,0,0,0,0,0,162510,-2794,-2405,170627,1287,1666,80359,-10459,-8006,A cég végelszámolási eljárás alatt áll
91679,MKIK Szolgáltató Nonprofit Korlátolt Felelősségű Társaság,113519,723,2069,125412,599,175,148177,3185,3476,150556,455,-148,149272,1039,-690,169300,2867,2834,128534,-4781,-4620,141657,169,453,
91541,LÁNCHÍD RÁDIÓ Műsorszolgáltató Korlátolt Felelősségű Társaság,404172,13198,10295,426007,-7366,-8980,484058,20874,21544,445774,-31337,-28793,477074,81741,3396,282157,-65023,-151438,166053,-102143,-265505,25622,-199053,-370081,
96351,Mátra Centrum Korlátolt Felelősségű Társaság,116565,-15383,-3947,108908,-88470,-57949,159805,177803,221302,151081,7086,7969,160154,7785,8164,216062,25177,26863,163868,8583,9236,1756,-5728,-5705,
97373,SZUPERINFÓ DÉL-KELET MÉDIA Korlátolt Felelősségű Társaság,6687,-2102,-1968,82904,-6359,-4991,78231,-29107,-28074,67976,6501,7380,67259,7110,7525,85902,6838,7209,163531,22344,24626,175283,23688,26063,
92333,Piac és Profit Kiadó Korlátolt Felelősségű Társaság,153960,-20536,-49122,157282,-13959,-22721,144483,-203,-38578,140672,990,-29258,167025,5757,-11489,161406,84,-11132,146876,54,-34548,160519,-16527,-14031,
91029,Hálózatos Televíziók Zártkörűen Működő Részvénytársaság,353465,947,-7463,254478,-8973,-15703,160404,-181848,-196698,0,-2367,-3977,0,0,0,0,0,0,0,0,0,,,,A cég megszűnt 2016.05.25.
92263,PANNON-SOPRON Regionális TV Műsorgyártó és Szolgáltató Korlátolt Felelősségű Társaság,170671,2889,5670,159847,1359,3133,70050,-49844,-48581,130803,7460,8518,105406,-13207,-12644,77616,-15308,-14617,80450,101,924,65036,212,1007,
95732,Kredit Holding Tömegkommunikációs és Szolgáltató Korlátolt Felelősségű Társaság,559,4180,4318,91,-11477,-11478,10434,3565,3752,57575,7881,8293,55908,4380,4606,67027,8950,9595,156170,47398,52665,132239,40255,44240,
93439,Opt Ügynöki Korlátolt Felelősségű Társaság,155592,-33150,-28103,54392,-86331,-54635,0,0,0,0,0,0,0,0,0,0,0,0,0,0,0,,,,A cég megszűnt : 2015.03.11.
92287,Pax Televízió Műsorszolgáltató Zártkörűen Működő Részvénytársaság,119137,-9119,21122,93966,-11580,14390,168512,24036,17295,162719,16420,14691,155396,23775,-8980,147569,-32180,-14522,112221,-45423,-44667,108383,-8472,-7468,
96716,Zuglói Médiaszolgáltató Korlátolt felelősségű társaság,0,0,0,61551,11326,12715,144896,7816,9135,127762,-16043,-15794,153208,-5511,-4846,127068,-6231,-5731,3415,-7083,-7043,,,,A cég megszűnt 2017.05.16.
91860,MEDIACONTACT KÖZTERÜLET Reklámügynökség Korlátolt Felelősségű Társaság,279676,-90187,-77394,409436,-115424,-116154,208511,-71235,-72525,148307,-175101,-174689,167700,5990,7466,152816,-9658,-8976,139178,51454,95796,96605,41676,43102,
91824,Tiszapart Média Szolgáltató és Tanácsadó Korlátolt Felelősségű Társaság,30957,802,802,41521,3523,3915,149924,26142,29044,152149,45761,49614,109629,9629,10740,40883,-14690,-14521,40688,-12203,-12085,23189,-12777,-11003,
93544,Karmapa Korlátolt Felelősségű Társaság,57270,587,686,115728,1202,1034,151769,1474,1473,156014,114,133,161667,1145,1278,166670,2494,2827,179162,16180,18061,,,,nincs médiuma 2017
92754,Szentgotthárd Városi Televízió és Kábelüzemeltető Nonprofit Korlátolt Felelősségű Társaság,151722,-1961,-6969,136071,-38938,-46295,112776,-24157,-30604,109067,-42477,-48384,96341,-50008,-60071,93261,-10939,-18062,67687,14029,14035,67398,-4055,-4061,
91401,Klubrádió Szolgáltató Zártkörűen Működő Részvénytársaság,447536,-238478,-198834,198940,-164453,-115762,105647,-167701,-171309,110628,-124665,-105660,151217,-44443,-13061,102784,-99418,-50298,83200,27877,25008,74626,-8064,-19979,
91738,Magyar Televízió Nonprofit Zártkörűen Működő Részvénytársaság,3360005,-12774330,-12708409,1791539,5585947,734851,982226,2062186,-3691677,894643,87779,72700,27180,48982,50150,11676,47407,46425,,,,,,,A cég megszűnt: 2015.07.01.
91719,Magyar Rádió Nonprofit Zártkörűen Működő Részvénytársaság,2079555,-444196,-572932,32191,-8728167,-1623234,89587,46194,39343,13837,6932,-33840,109,56563,50657,20,75535,73759,,,,,,,A cég megszűnt: 2015.07.01.
999999,Egyéb üzemeltető,,,,,,,,,,,,,,,,,,,,,,,,,
100216,Média Centrum Kommunikációs és Szolgáltató Korlátolt Felelősségű Társaság,,,,,,,,,,,,,,,,,,,,,,117576,11165,13100,
100307,Business Publishing Services Kiadói Korlátolt Felelősségű Társaság,,,,,,,,,,,,,,,,,,,,,,185910,529,2744,
100180,K4A Lapkiadó Korlátolt Felelősségű Társaság,,,,,,,,,,,,,,,,,,,33505,-19823,-19826,835674,183255,218170,
100584,Adboard Korlátolt Felelősségű Társaság,,,,,,,,,,,,,,,,,,,,,,244973,-55049,-52477,
100200,XXI. Század Média Korlátolt Felelősségű Társaság,,,,,,,,,,,,,,,,,,,71089,-52466,-52428,1668716,289131,317529,
100410,TV2 Média Csoport Zártkörűen Működő Részvénytársaság,,,,,,,,,,,,,,,,,,,,,,34506529,-2009490,-1446982,
99538,Viacom International Hungary Korlátolt Felelősségű Társaság,,,,,,,,,,,,,,,,,,,,,,65318256,-5326067,1902033,
