Cég ID,Cégnév,Nettó árbevétel 1998 (Ezer Ft),Adózott eredmény 1998 (Ezer Ft),Üzemi eredmény 1998 (Ezer Ft),Nettó árbevétel 1999 (Ezer Ft),Adózott eredmény 1999 (Ezer Ft),Üzemi eredmény 1999 (Ezer Ft),Nettó árbevétel 2000 (Ezer Ft),Adózott eredmény 2000 (Ezer Ft),Üzemi eredmény 2000 (Ezer Ft),Nettó árbevétel 2001 (Ezer Ft),Adózott eredmény 2001 (Ezer Ft),Üzemi eredmény 2001 (Ezer Ft),Nettó árbevétel 2002 (Ezer Ft),Adózott eredmény 2002 (Ezer Ft),Üzemi eredmény 2002 (Ezer Ft),Nettó árbevétel 2003 (Ezer Ft),Adózott eredmény 2003 (Ezer Ft),Üzemi eredmény 2003 (Ezer Ft),Nettó árbevétel 2004 (Ezer Ft),Adózott eredmény 2004 (Ezer Ft),Üzemi eredmény 2004 (Ezer Ft),Nettó árbevétel 2005 (Ezer Ft),Adózott eredmény 2005 (Ezer Ft),Üzemi eredmény 2005 (Ezer Ft),Nettó árbevétel 2006 (Ezer Ft),Adózott eredmény 2006 (Ezer Ft),Üzemi eredmény 2006 (Ezer Ft),Nettó árbevétel 2007 (Ezer Ft),Adózott eredmény 2007 (Ezer Ft),Üzemi eredmény 2007 (Ezer Ft),Nettó árbevétel 2008 (Ezer Ft),Adózott eredmény 2008 (Ezer Ft),Üzemi eredmény 2008 (Ezer Ft),Nettó árbevétel 2009 (Ezer Ft),Adózott eredmény 2009 (Ezer Ft),Üzemi eredmény 2009 (Ezer Ft)
90043,Absolut Media Szolgáltató és Kereskedelmi Korlátolt Felelősségű Társaság,0,-231,-231,6986,6,-12,8758,15,-13,7672,2057,2329,3763,-2337,-2345,27814,-10836,-10840,103759,-28123,-28132,163771,3435,3523,195937,-44817,-44172,,,,322808,1103,1494,215924,1533,-121812
90054,ADOC-SEMIC Kiadói és Nyomdai Kft.,,,,769419,-123803,-108284,,,,695505,-89231,-87946,767487,32264,-138438,809665,0,-94107,1062702,-51012,-61978,1061411,-61286,-54763,1161418,-2168,-35229,1261986,19913,-49694,1308507,5951,37968,850634,-111552,-89213
90057,Advenio Műsorszolgáltató Zártkörűen Működő Részvénytársaság,,,,,,,,,,,,,,,,,,,,,,,,,,,,,,,,,,90030,-269899,-257640
90167,Agro TV-ATV Zrt.,,,,36687,-53957,-52162,,,,,,,295512,4987,-20617,376293,291940,-95546,463845,22933,-19526,666216,60220,59006,1398659,10819,9212,1736213,22787,82,2209585,42190,43838,2145888,47555,72106
199001,ALFA Televízió Korlátolt Felelősségű Társaság,7551,-9646,-9389,7672,-22107,-13828,,,,,,,,,,,,,,,,,,,,,,,,,,,,,,
199002,ALFÖLDI HIRDETÉSI LAPOK Lapkiadó és Hírlapkereskedelmi Korlátolt Felelősségű Társaság,,,,,,,,,,,,,,,,,,,,,,,,,,,,,,,,,,,,
90156,Artamondó Kft.,0,0,-40,4176,-412,-418,3046,-227,-227,4046,0,114,25404,2349,2727,179100,-9447,-9158,334763,30314,30413,529697,-64,-108,537697,-5,-482,397500,7537,10444,339407,38029,25585,319524,6524,14420
90171,Autó News Kft.,248349,33167,38335,254660,25122,25627,265572,32558,36237,,,,255200,21183,22493,292210,21781,22329,220812,-8358,-13377,252149,3552,2326,272335,13617,15138,291559,29182,34069,244385,-13949,-16181,127504,-53597,-54493
90181,Axel Springer- Magyarország Korlátolt Felelősségű Társaság,,,,,,,,,,6619093,942902,527524,7629922,1142565,828192,7944433,1222942,788193,9155769,829606,213877,10123260,349110,-114246,9825331,1269077,700936,10421906,1423523,950724,10791639,1376720,592307,9420821,726788,261198
90180,AXEL SPRINGER-BUDAPEST KIADÓI Kft,,,,7735154,228719,298241,,,,,,,8885833,789405,956861,9856295,835811,892962,10358059,645765,712482,10569311,353996,356560,8924558,923104,1072087,9798331,980310,1167684,10089616,1000250,1196980,8459563,698424,844036
98205,AXN Magyaroszág Szolgáltató Korlátolt Felelősségű Társaság,,,,,,,,,,,,,,,,66048,2709,3807,421877,45385,54643,616904,71171,78780,1016906,112138,146003,1383621,166000,202883,1691348,150288,154879,1538222,39130,118747
90206,Baja Marketing Bajai Kommunikációs és Marketing Korlátolt Felelősségű Társaság,,,,,,,,,,,,,,,,,,,,,,,,,,,,13731,3556,4381,70679,-470,-172,114844,120,1039
92292,BAR-ZAL Lap-és Könyvkiadó Korlátolt Felelősségű Társaság,0,-102,103,136453,832,1937,,,,,,,112538,906,1789,117595,496,1074,135237,-1391,-1160,122704,93,369,121882,-20965,-20923,112580,-2765,-18767,142099,757,1570,196041,6165,7702
199003,B-média Szolgáltató és Kereskedelmi Korlátolt Felelősségű Társaság,,,,,,,,,,,,,,,,24947,2040,4621,165385,626,-1673,,,,,,,,,,,,,,,
199004,Bp. Piac Rt.,,,,176180,51237,85540,200428,51755,89945,239939,113814,105404,1559157,2194,-25229,1540779,-867408,-1122895,1347923,-194945,-110569,501140,136309,-174230,568026,133315,56504,475567,-71903,-21487,156491,3359,13780,128977,42337,46731
90339,"Budai Polgár Kiadó, Tájékoztató és Kulturális Közhasznú Nonprofit Korlátolt Felelősségű Társaság",,,,,,,,,,,,,,,,,,,,,,,,,,,,,,,,,,171251,-2,-651
199005,Buda-Pest Európa Televízió Zrt.,,,,,,,,,,,,,,,,,,,,,,,,,,,,,,,,,,,,
90350,Budapest Magazines Kiadó Korlátolt Felelősségű Társaság,,,,,,,,,,0,0,0,0,0,0,20232,-2087,-2022,0,-2276,-3578,436,29078,13797,9229,17693,362,15802,17671,-390,19332,2677,300,21913,-1527,-279
199006,Budapest Piac Marketing Kft.,,,,,,,,,,,,,,,,,,,0,-11,-13,1147919,7915,55668,883534,-280643,-275546,907189,-176864,-176986,871767,1736,42758,697189,-130210,-47965
199007,Busz Marketing Korlátolt Felelősségű Társaság,,,,,,,,,,,,,,,,,,,,,,,,,,,,0,0,0,93955,-19969,-19675,,,
199008,Cash-Flow Kiadó Kft,,,,141532,-7312,-8957,133782,-24489,-19437,165221,-5310,-6894,167647,17923,17062,148737,-9911,-9957,108659,2631,1057,112574,-3715,-3176,81454,16034,-3438,,,,,,,,,
90417,Chello Central Europe Műsorszolgáltató Zártkörűen Működő Részvénytársaság,,,,,,,,,,,,,,,,,,,,,,,,,0,-80,-150,0,-82490,-22813,3408745,-1861461,-670542,10760889,-8849646,-7517873
90439,COMEDY CENTRAL MAGYARORSZÁG Zártkörűen Működő Részvénytársaság,,,,,,,,,,,,,,,,,,,,,,,,,,,,,,,45478,-173189,168664,531196,-112976,-73398
199009,CSONGRÁD MEGYEI PIACZ Kereskedelmi és Szolgáltató Korlátolt Felelősségű Társaság,119808,17336,29020,147823,27430,40257,,,,,,,,,,,,,,,,,,,,,,,,,,,,,,
199010,Déli Hírlap Korlátolt Felelősségű Társaság,,,,405092,4838,2221,369490,-19947,-23613,285249,-43887,-39317,0,0,0,,,,,,,,,,,,,,,,,,,,,
199011,"DÉLMAGYARORSZÁG Könyv-, Lapkiadó és Nyomdaipari Korlátolt Felelősségű Társaság",,,,1342205,123074,135545,,,,,,,,,,,,,,,,,,,,,,,,,,,,,,
199012,DIÉTA Magazin Kiadó és Kulturális Szolgáltató Korlátolt Felelősségű Társaság,54610,558,639,,,,,,,96788,6911,-14384,6391,-7914,7860,11027,1901,1865,,,,,,,,,,,,,,,,,,
199013,DIGITÁLFOTÓ Lapkiadó és Kereskedelmi Korlátolt Felelősségű Társaság,,,,,,,,,,,,,40297,567,571,83892,13737,13358,83790,653,698,79458,-2432,-2414,76060,-14793,-14832,84497,-15130,-14622,47898,-9736,-9416,,,
98206,Discovery Hungary Média Szolgáltató Korlátolt Felelősségű Társaság,,,,,,,,,,,,,,,,,,,,,,,,,11061,452,502,568828,33730,53680,439826,28193,48725,344856,75375,89929
199014,DL-AMS Média Korlátolt Felelősségű Társaság,,,,69670,-227385,-195225,,,,,,,104999,-215152,-222663,92506,-321900,-313556,102277,-283213,-287556,105451,-258111,-258867,,,,,,,,,,0,2095,-248
90598,Domino TV Műsorszolgáltató Zártkörűen Működő Részvénytársaság,,,,,,,,,,,,,,,,,,,,,,,,,120,12,18,8432,299,786,12599,532,1601,46373,1035,2628
199016,DUNA MÉDIA Korlátolt Felelősségű Társaság,,,,,,,,,,,,,,,,,,,,,,22935,2428,3178,90819,-5780,-6103,,,,,,,,,
90621,Duna Televízió Rt.,,,,275096,-220114,-230333,310104,-121623,-155286,342137,-593586,-610392,295207,197871,147839,417602,-26921,-128228,517964,-518034,-701356,488396,15635,-194318,445978,29865,-284744,491444,-392939,-600642,643662,9999,-106043,652401,-232781,-238024
90648,"Echo Hungária TV Televíziózási, Kommunikációs és Szolgáltató Rt.",,,,,,,,,,,,,,,,,,,,,,4518,-313099,-320236,343137,-731677,-730777,473523,-622162,-621699,556996,-653181,-600505,658303,-532893,-520026
90653,Editorial Vagyonkezelő és Tanácsadó Korlátolt Felelősségű Társaság,,,,,,,,,,,,,58,-2152,-2153,244089,1881,5941,602963,934,1395,829220,819,1802,932766,1992,-26186,957176,-129356,-133309,53013,-107338,-107091,188442,170379,-17624
90772,EHÍR Esztergomi Hirdető Korlátolt Felelősségű Társaság,,,,,,,,,,,,,,,,,,,,,,,,,0,-17,-20,15195,-2073,-2231,113501,-23881,-23522,200190,-19680,-21144
199017,EKH Egyesült Kiadói Holding Korlátolt Felelősségű Társaság,6050336,1123599,,6842855,-251288,195049,6469033,-1812286,208244,,,,,,,,,,,,,,,,,,,,,,,,,,,
199018,Erasmus Press Kiadói Korlátolt Felelősségű Társaság,,,,136324,163410,47840,80732,165964,13962,2345,195013,238367,0,-5968,-6235,0,48328,-2645,0,52284,-1970,0,8500,7291,0,67010,523,,,,,,,,,
92461,EST RÁDIÓ Tömegkommunikációs és Kultúrális Szolgáltató Korlátolt Felelősségű Társaság,,,,0,0,-6,,,,111620,-71996,-70812,47090,-81340,-80467,0,20079,20252,0,0,-36328,367610,78319,78327,382538,28210,35046,467539,29724,28131,518827,40438,44609,208408,-104121,-101524
92534,Euroinvest Kommunikácios Korlátolt Felelősségű Társaság,5042,-4058,-4061,,,,371718,-135387,-114104,,,,293373,-48792,-43403,273599,-101350,-89546,253941,-106997,-106591,115488,-163662,-163674,120385,-98779,-98925,90140,-42619,-42626,91785,72115,-35206,143657,-4178,-6327
90782,EUROMÉDIA KIADÓ Lapkiadó és Reklámügynökség Korlátolt Felelősségű Társaság,,,,,,,,,,,,,,,,,,,,,,,,,94812,886,939,233624,-2730,-3005,234958,270,608,198505,-43168,-43077
199019,EURO-PEGAZUS HUNGARY Kereskedelmi és Szolgáltató Kft.,44945,129296,-47327,27686,-2730,-5479,36505,-12460,20990,2551,-17291,-23411,43332,-7746,-12695,6200,1788,1258,24869,-30278,-29875,34390,-21308,-12493,10793,-16874,-14744,284,-5320,-3771,9643,-8643,-4081,16076,-1708,-1639
90804,Expressz Magyarország Zrt.,,,,,,,,,,11294,-424366,-404009,3953215,-819651,-821449,8210438,158105,305769,8113565,145618,38974,8002843,-422943,-617329,7765520,-544628,-810846,7105342,318486,-17321,5290592,-78551,-415166,2528354,245882,-573623
199020,FAIR SYSTEM Kiállitásszervező és Ügynöki Korlátolt Felelősségű Társaság,,,,,,,,,,,,,,,,,,,,,,,,,,,,,,,,,,,,
199021,Fejér Megyei Hírlap Kiadó Korlátolt Felelősségű Társaság,,,,678622,29464,36499,,,,,,,913807,81877,100315,911995,75930,92506,971589,103834,122743,938372,71869,84095,940140,94443,111933,976567,62428,75330,961836,16003,17741,691816,-74891,-73157
199022,Figyelő Kiadói Részvénytársaság,,,,,,,,,,,,,,,,,,,,,,,,,,,,,,,,,,,,
90866,Filmmúzeum Műsorszolgáltató Zártkörűen Működő Részvénytársaság,,,,,,,,,,,,,,,,,,,,,,,,,,,,,,,0,-31428,-10066,188659,-1006881,-837007
199023,Filmmúzeum Rt.,,,,,,,10000,-43003,-43016,,,,340854,40556,66321,522434,156723,143739,625055,178780,192930,746823,243168,262777,742113,111567,101213,744020,175304,175179,551069,242296,220321,,,
90878,FM1 Kommunikációs és Kulturális Zártkörűen Működő Részvénytársaság,,,,,,,,,,,,,,,,,,,,,,,,,,,,,,,,,,73971,-76780,-74444
199024,FRENK Reklám és Kiadó Korlátolt Felelősségű Társaság,,,,,,,259253,5798,8131,358384,25428,31168,412984,17068,21121,404840,42065,47631,408467,39394,44848,207647,10426,8293,158487,7340,4598,272568,-60190,-63775,77881,-18532,-20104,71802,-3787,-3162
98178,Geo Sales & Promo Korlátolt Felelősségű Társaság,,,,,,,,,,,,,14090,287,249,9667,459,538,9842,-2878,-2878,5043,-1304,-1274,6643,-5037,-4810,0,-390,-305,0,-122,-160,28332,270,722
199025,GEOHOLDING Vállalkozási Részvénytársaság,,,,199893,-24437,-1454,200531,81721,-79697,334393,-38551,-13187,311746,18343,23907,373734,-46017,66936,455477,85683,90287,465361,103869,131727,563104,118946,357565,235592,-4365,-24334,121885,-195749,-71303,205839,43746,30139
90939,Geomédia Kiadói Részvénytársaság,,,,1311770,9703,-18322,1380295,-39324,-14544,1137608,-9136,-25430,1269018,826198,949912,887547,2999,-11183,1018032,33184,21699,1033688,9586,3801,822742,312786,354707,289714,-49200,-58281,214179,-38535,-36419,153745,-753,2062
90938,Geomédia Kiadói Zártkörűen Működő Részvénytársaság,,,,,,,,,,,,,,,,,,,,,,,,,,,,1533833,9760,56043,1852430,238832,141809,1862297,98965,115728
199026,GLÓBUSZ INFÓ Utazási Iroda Korlátolt Felelősségű Társaság Kft.,,,,50175,-8117,-7803,206186,10252,11330,234367,5135,7922,229737,16570,20810,342159,9689,11991,221205,-1331,-152,91174,-23206,-9374,118980,-3283,-3723,104362,543,889,14577,-2572,-2532,53636,-8721,-1183
90955,"GONG RÁDIÓ Információs, Kereskedelmi és Szolgáltató Korlátolt Felelősségű Társaság",38920,2824,3256,,,,,,,64143,8027,8509,86315,5322,4923,87200,9114,10437,105769,32453,39794,128068,30959,34768,141849,31088,37493,134961,25182,31835,154723,32633,40023,125912,7912,8663
90964,"G-PUBLISHING Lapkiadó, Szolgáltató és Kereskedelmi Korlátolt Felelősségű Társaság",,,,,,,,,,,,,,,,,,,117619,-187062,-186372,,,,,,,,,,,,,,,
97348,Gulipán 93 Kereskedelmi és Szolgáltató Betéti Társaság,,,,,,,,,,53457,-327,-338,11284,-2536,-2537,610,-3795,-3795,0,3534,3532,0,-1027,-1027,0,-115,-115,0,1609,-3160,541,495,636,421,-457,483
199027,Győri Innovációs és Marketing Centrum Kft.,33899,34110,774,35131,88986,4943,73763,62281,29173,35251,167787,-2543,31690,113188,-13917,73793,110596,22307,25646,159178,-9954,64755,29354,-14183,45552,75272,-12922,41404,8269,-40618,122695,9963,43869,,,
199028,H + P Szuperinfó Hirdetésszervező és Szolgáltató Korlátolt Felelősségű Társaság,25218,572,665,24118,630,744,26921,120,148,44594,103,114,35001,-2623,-2630,51688,-475,-488,32949,-4188,-4188,0,0,0,0,0,0,,,,,,,,,
91029,Hálózatos Televíziók Rt.,,,,0,-393,-526,0,-254,-1086,0,-11234,-11570,67100,9211,-4009,189646,-23092,-42967,308055,23420,-1013,368844,1801,-18516,574135,14234,-8472,479564,4587,-25398,535091,5849,-24322,535402,2440,23115
91040,Haszon Lapkiadó Korlátolt Felelősségű Társaság,,,,,,,,,,,,,,,,91122,42190,-108904,222554,-50213,-50328,220100,20643,-34006,250397,-8286,-8216,287841,14801,16741,352625,18049,16213,338721,4196,2449
91051,Hearst Sanoma Budapest Kiadói Korlátolt Felelősségű Társaság,,,,633249,41319,53573,672642,-15481,-9152,975361,33762,41390,1152320,116573,135153,1183563,103179,119911,1146520,57765,62266,1099139,80423,95309,1109343,102315,116808,1239907,104053,119556,1191483,87513,108531,866296,-74368,-68781
97854,Helikon Infó Informatikai és Szolgáltató Korlátolt Felelősségű Társaság,,,,,,,,,,,,,,,,,,,,,,,,,122455,16616,17405,183629,23634,27060,195280,36026,44042,149436,10122,12770
199029,Heti Szó Plusz Kiadó és Szolgáltató Betéti Társaság,25171,-125,745,25965,190,182,,,,38854,800,794,44678,1133,995,50090,-476,-476,31780,96,95,17210,785,782,13990,637,756,7503,-2173,-1989,2097,1206,1508,35045,12514,14247
91084,Heti Válasz Lap- és Könyvkiadó Szolgáltató Korlátolt Felelősségű Társaság,,,,,,,,,,,,,307563,68814,75342,354237,-66967,-67131,221055,-170486,-163259,449368,-123470,-108141,637982,-35548,-23960,769980,30069,48481,850840,19732,39360,857931,18577,17127
93546,Heti Világgazdaság Kiadói Zártkörűen Működő Részvénytársaság,3116151,529317,,3760100,738507,628265,,,,4343712,783073,717923,4266117,2633580,639712,4588632,1425766,789128,4518742,1174933,737310,4444435,988432,773129,4463251,619783,641479,4546190,611430,626145,4312501,363153,337138,3035957,62111,-170412
199030,HÍD Rádió Műsorkészítő és Sugárzó Korlátolt Felelősségű Társaság,,,,492465,-173159,-169981,,,,,,,,,,,,,,,,,,,,,,,,,,,,,,
91092,Híd Rádió Műsorkészítő és Sugárzó Zártkörűen Működő Részvénytársaság,,,,,,,731648,-352497,-347808,2424645,-507073,-503618,2101612,-328595,-329384,2051851,-35732,-26231,1498698,-649290,-595927,1178121,-644347,-722791,1587951,-365400,-370573,1727948,-264163,-272080,1843285,-310956,-306639,2115060,-18598,-9981
91112,Hír Televízió Rt.,,,,,,,,,,,,,0,-102186,-108369,978711,-550515,-509821,1802241,84433,-62073,2226767,-132550,-107303,2638601,163149,-156420,4187391,444428,449162,5195475,286870,386736,5229680,75604,434094
199031,"HÍR-NÉV 2000 Gyártó, Kereskedelmi és Szolgáltató Betéti Társaság",,,,,,,,,,,,,,,,2424,328,409,4268,116,172,23149,18040,21512,24850,20262,23989,15540,11300,15177,4920,2135,2669,2775,446,610
199032,Hungarian Broadcasting Corporation Televíziós Rt,,,,52953,-348495,-401198,,,,,,,,,,,,,,,,,,,,,,,,,,,,,,
91149,HVG ONLINE Internetes Fejlesztő Kereskedelmi Szolgáltató és Tanácsadó Zártkörűen Működő Részvénytársaság,,,,,,,,,,150324,1020,-5968,156628,-2877,-11576,183274,19744,12022,205041,32265,17667,252407,13052,2837,372581,5921,-1869,544195,5266,440,811674,32964,28625,670071,-98142,-103071
91168,IKO Kábeltévé Kft.,,,,,,,,,,,,,,,,100000,-21442,-27455,575086,-118065,-137892,1513422,3308,63445,3529397,207685,198685,3175469,-247362,-99137,3537967,322623,-95565,4126737,207573,-66720
91177,IMPRESS-RÉGIÓ Kiadó és Szolgáltató Korlátolt Felelősségű Társaság,,,,119132,34647,47519,150132,41734,50561,173136,41788,50733,166027,21384,26242,175095,64746,50745,184492,60490,54307,188552,49282,50166,210234,56051,54531,206292,34211,33259,190599,7445,1805,202927,34638,20396
91183,INFO-24. TV Televíziós Zártkörűen Müködő Részvénytársaság,,,,,,,,,,,,,,,,,,,,,,,,,,,,,,,9152,959,1103,32225,1658,2046
199033,INFOPRESS 91 Kereskedelmi és Szolgáltató Betéti Társaság,,,,19897,-2144,,34380,1384,,,,,,,,0,0,0,57775,0,394,54774,-7095,-6933,58923,4886,4951,60274,8533,9910,35320,7626,8780,,,
91186,Inforádió Műsorszolgáltató Korlátolt Felelősségű Társaság,,,,0,-1649,-1918,80336,-47538,-67404,,,,680561,66640,68789,496055,-18425,-20175,573359,-9963,-15970,591880,19269,11901,605551,3628,-5820,652218,-21497,-27374,678055,-44968,-47998,669216,-63582,-60785
93346,"INFORM MÉDIA Lapkiadó, Információs és Kulturális Korlátolt Felelősségű Társaság",,,,,,,,,,,,,,,,6102813,491806,706963,6532405,1235726,1157792,6772758,1027056,1154455,7499684,-1956527,1239701,7272477,1152246,1232085,7668615,1260609,1422997,6526768,680925,935976
91917,SZUPERINFÓ-KELET Hirdető és Lapterjesztő Korlátolt Felelősségű Társaság,,,,,,,,,,,,,,,,,,,,,,,,,,,,,,,,,,,,
96100,"Krekk-Info Reklám, Terjesztési és Szolgáltató Nonprofit Korlátolt Felelősségű Társaság",,,,,,,,,,,,,,,,,,,,,,,,,,,,,,,,,,54341,4233,-34300
199034,INN-PRESS Lapkiadó Betéti Társaság,42248,2829,,36009,0,,,,,69971,24288,27544,49661,16388,19821,57534,32150,36802,14946,12125,6397,34,2746,-1308,2300,-3553,-7842,0,184,-1867,,,,,,
91195,INSZOL Győri Vagyongazdálkodó és Szolgáltató Zrt.,580875,1574,1143,558062,85743,-44508,681178,37308,9371,,,,723811,19809,12347,679514,12632,-33064,733666,18878,-19170,854068,7405,-10371,898864,32975,24496,902005,89853,92700,930471,40882,19687,1141504,45442,17487
91206,IQ PRESS Lapkiadó Korlátolt Felelősségü Társaság,,,,174356,3067,3244,393208,4083,4611,566817,6552,8201,715787,35261,43225,735898,34944,43455,548227,89825,105319,434476,-7604,-7053,491493,12377,13496,508034,21008,24883,471276,19521,22892,883480,52609,62659
199035,IRÁNYÁR LAPOK Kiadói és Nyomdaipari Korlátolt Felelősségű Társaság,99677,3980,4795,,,,,,,,,,,,,,,,,,,,,,,,,,,,,,,,,
199036,Írisz TV Rt,,,,,,,,,,,,,,,,,,,,,,,,,,,,,,,,,,,,
91208,Irodalom Lap és Könyvkiadó Kulturális Szolgáltató Korlátolt Felelőségű Társaság,61153,-418,-473,80252,-17942,-16165,148622,5343,5557,159500,31810,15390,185122,1188,1893,220917,6914,11445,209698,-6232,-6240,211327,14132,-1027,277637,30272,14606,261443,15601,-4194,235228,-11032,-27707,210621,-17729,-35956
199037,Kamarapressz Kiadó és Szolgáltató Közhasznú Társaság,288834,-3962,-5362,,,,,,,80265,11153,13856,68450,5700,8172,71243,7460,17364,24560,-76760,-75133,25218,8600,8970,24044,2059,1839,0,-1645,-1775,0,-771,-758,,,
91304,Kapos Extra Bt.,,,,,,,,,,,,,,,,,,,,,,,,,,,,,,,,,,,,
199038,Keleti Hirdető és Szolgáltató Kft.,159701,-2600,19911,548302,4814,24978,,,,,,,,,,,,,,,,,,,,,,,,,,,,,,
199039,Kelet-Magyarország Lapkiadó Korlátolt Felelősségű Társaság,682271,48690,20120,574506,48386,20246,,,,,,,,,,,,,,,,,,,,,,,,,,,,,,
91401,Klubrádió Rt.,,,,,,,,,,,,,,,,,,,,,,395693,-1283,-129,885594,51953,52631,,,,876170,-44813,-39800,656734,-186464,-177917
199040,Klubrádió Szolgáltató Kft.,0,-854,-665,32608,-30992,-25891,42681,-57391,-49329,62710,-56285,-47374,193998,-142182,-146855,453311,37057,35270,,,,,,,,,,,,,,,,,,
95902,Komáromi Nyomda és Kiadó Korlátolt Felelősségű Társaság,,,,367166,8845,9650,,,,0,0,0,0,0,0,569871,11505,9987,0,0,0,0,0,0,0,0,0,0,0,0,557644,12853,16059,496177,8243,7746
199041,Kósiker Kft.,,,,,,,,,,,,,52177,-2085,-1187,23637,1743,2907,,,,,,,,,,,,,,,,,,
199042,Körösi Napvilág Korlátolt Felelősségű Társaság,103881,-632,-353,105627,-1025,-637,114778,-806,-586,,,,,,,,,,,,,,,,,,,,,,,,,,,
91459,Közép-Dunántúli Napló Kiadói Betéti Társaság,,,,,,,,,,,,,,,,,,,,,,,,,,,,,,,,,,126434,998,2737
91541,LÁNCHÍD RÁDIÓ Műsorszolgáltató Korlátolt Felelősségű Társaság,,,,,,,,,,,,,,,,,,,,,,,,,0,-83,-83,89281,-203256,-201078,109743,-275471,-267302,262740,539461,-96190
91548,Lapcom Lapkiadó és Nyomdaipari Korlátolt Felelősségü Társaság,,,,,,,,,,1710887,6859,11417,4948778,462558,526146,,,,,,,6867135,737512,711453,7182622,747840,849489,7370249,977719,1107232,7602879,1698053,1103641,7567400,-742175,-1107451
91587,LOGOD Kereskedelmi és Szolgáltató B.T.,48518,2058,,49065,6473,,61868,5603,4612,61258,959,465,77776,7206,7229,73618,3034,2986,89080,4948,5189,84962,7468,6501,87046,5006,5277,95842,-99,-226,93201,-1627,-1273,85767,-2477,-2444
91661,Magyar Hírlap Kiadói Korlátolt Felelősségű Társaság,,,,,,,,,,,,,,,,,,,83963,3497,4103,835482,-153710,-165720,702468,-190030,-186359,534758,-723947,-751149,,,,751408,-469163,-462562
199043,MAGYAR HIRLAP KÖNYV- ÉS LAPKIADÓ RÉSZVÉNYTÁRSASÁG,,,,3429294,106759,219496,3603168,233567,140184,,,,,,,,,,,,,,,,,,,,,,,,,,,
91719,Magyar Rádió Részvénytársaság,,,,,,,,,,6789684,766549,821590,6849914,711806,628263,3129150,-141378,-217029,2398276,433561,374713,2255276,-2407154,-2353015,2086318,-882895,-852946,2037991,-609218,-618875,2406612,971925,928474,2285447,187368,51347
91738,Magyar Televízió Rt.,,,,3618244,-4607027,-8669539,,,,,,,2648838,-11755870,-12145771,3437144,-10821918,-10672103,4738303,-4120366,-4377976,3570519,1636671,1776550,3725100,4405469,-2469944,3882210,89619,-209669,4949915,165795,3060,3394422,292543,-3731
91753,Magyarnarancs.hu Lapkiadó Korlátolt Felelősségű Társaság,,,,62935,-17181,-16262,,,,115212,-2038,-2078,150603,11637,7541,168164,26326,27259,162468,3540,552,184221,8460,10250,212966,25615,19729,224945,26352,29680,248494,21357,18002,251416,4797,-546
199044,Mahir Kiadó Korlátolt Felelősségű Társaság,,,,0,-1794,-694,,,,0,3007,-3656,0,-4049,-1552,0,-590,-307,0,-22,-25,,,,,,,,,,,,,,,
199045,manager magazin Budapest Kiadó Korlátolt Felelősségű Társaság,,,,,,,,,,,,,,,,84973,-134084,-129569,151284,24742,-131543,208619,-47831,-173153,193589,99229,-55275,,,,,,,,,
91798,Maraton Lapcsoport-Multivizió Kiadói Korlátolt Felelősségű Társaság,,,,144601,61353,-23870,,,,311360,-14491,-14369,346647,13911,14256,341342,34974,38281,397443,55847,61686,408313,33035,36791,474313,14516,18144,499981,11086,13779,543288,15914,18835,378407,1533,4838
91813,Marquard Média Magyarország Kiadó Korlátolt Felelősségű Társaság,,,,832398,182667,155906,1177662,359303,-238715,,,,1434039,137089,135626,1396692,52394,-182869,1306184,50096,-167858,1394804,761010,-9146,1654727,1710,-35966,1998147,-78769,-106669,2153875,-21529,-64384,1815322,-105907,-170018
96342,Második Produkció Kft.,7837,1070,1314,9027,2439,3162,14677,2565,3327,6061,-6903,-6113,69530,11967,12905,55270,13718,15303,41521,1356,2859,44727,-1207,-816,52420,1619,2846,66102,6196,7492,72820,4,5429,100156,9519,11425
91842,Média 11. Tömegkommunikációs és Szolgáltató Korlátolt Felelősségű Társaság,29769,1075,891,67512,-9542,-9679,79316,-4214,-4293,96580,-4679,-4721,115692,-1455,-1478,135215,-1799,-2204,142883,-26803,-27499,229263,-4374,-5246,248823,7301,-4463,235168,8188,5327,226690,55,-2823,196211,-624,78
199046,MIHÍR 2004 Miskolci Hirdető Korlátolt Felelősségű Társaság,,,,,,,,,,,,,,,,,,,210229,4676,19505,250852,35303,47575,269798,37706,40836,264633,54253,65107,199800,48112,55634,,,
91920,MIKOM Miskolci Kommunikációs Nonprofit Korlátolt Felelősségű Társaság,,,,,,,,,,,,,,,,,,,,,,,,,,,,,,,,,,205561,0,-4556
199047,M-Invest 2000 Ingatlankezelő Korlátolt Felelősségű Társaság,1317381,2,35412,37902,160,-15680,27086,6579,-17662,0,0,0,10345,2102,2348,33888,4462,581,189460,-14227,-4294,173925,-73997,-72859,,,,,,,,,,,,
199048,Miskolci Kommunikációs Kht.,,,,,,,,,,,,,,,,,,,,,,,,,,,,,,,,,,205561,0,-4556
91679,MKIK Szolgáltató Nonprofit Korlátolt Felelősségű Társaság,,,,,,,,,,,,,,,,,,,,,,,,,,,,,,,,,,121624,714,97
199049,M-MEDIEN GROUP Kultúrális Szolgáltató Korlátolt Felelősségű Társaság,,,,423928,-23934,-24022,350098,1032,1114,359949,7232,24301,403745,1316,-3299,332557,-142965,-130229,475,-407,-407,,,,,,,,,,,,,,,
91935,MOBIL-EXPO Kereskedelmi Korlátolt Felelősségü Társaság,432178,25999,30153,,,,670011,11198,17373,606832,17492,30906,698083,66651,109325,,,,,,,1453522,8815,22413,1286611,-1460,10763,1373060,-9716,7160,1378226,13909,31416,1218602,21975,41772
91722,M-RTL Rt,,,,,,,,,,19086449,1594510,1850762,23498555,2345227,2043131,26109513,2373330,2339610,30854233,3012511,2914617,31424632,2997174,3246824,32558660,3789293,3962306,34097460,4189944,4775941,40424739,4853512,5224332,29441888,3442113,3513600
91998,MTG Metro Gratis Kereskedelmi és Szolgáltató Korlátolt Felelősségű Társaság,,,,740675,-600724,-577242,1031582,-349941,-322638,1672653,18125,-22242,1970650,-37352,29073,2188134,188427,100747,2430945,222168,108141,2743409,255017,132295,2900035,32186,67495,,,,2592480,-240907,-242621,1989025,-494141,-507656
92000,MTM-SBS Televízió Rt.,10444309,-2696086,-2019674,,,,,,,,,,16868487,463262,-2009921,19661439,-421205,-968864,22553923,2526379,2135140,25434635,1932019,2631412,26582771,3546480,4245262,25523234,3044364,3584042,26084213,2264768,3113754,21416624,635593,637564
92002,MTV Networks Magyarország Műsorszolgáltató Zártkörűen Működő Részvénytársaság,,,,,,,,,,,,,,,,,,,,,,,,,,,,197528,-58308,-54564,869841,221953,242029,899420,117269,123215
199050,MULTIVIZIÓ-VESZPRÉM Lapkiadó Korlátolt Felelősségű Társaság,,,,125105,1548,1686,,,,,,,,,,,,,,,,,,,,,,,,,,,,,,
199051,MűSOR-HANG Műsorszolgáltató Korlátolt Felelősségű Társaság,,,,,,,,,,,,,,,,56133,515,-10329,159075,2107,15154,208248,4340,20809,252564,21949,29832,,,,274063,18896,38036,,,
92015,MűSOR-HANG Műsorszolgáltató Zártkörűen Működő Részvénytársaság,,,,,,,,,,,,,,,,,,,,,,,,,,,,,,,,,,303227,176,34794
92066,Napi Gazdaság Kiadó Korlátolt Felelősségű Társaság,562843,50454,38350,685029,10100,8004,704180,21402,16121,703961,10865,14022,651399,9246,4364,742965,15750,8613,814561,27973,17966,971289,80080,54261,958660,3162,-20703,870058,42394,44498,884828,-36514,-43701,753091,14634,9783
199052,NAPLÓ Lapkiadó Korlátolt Felelősségü Társaság,754643,13170,21547,583664,52330,60529,,,,,,,,,,,,,,,,,,,,,,,,,,,,,,
92081,Nemzet Lap- és Könyvkiadó Korlátolt Felelősségű Társaság,,,,802749,-116488,-117177,2638049,13486,-173612,4117637,5997,-126655,4102611,26987,-96924,3316887,282287,256121,3801272,173086,122680,2971296,309431,147506,3058030,313654,28562,2842181,223009,146774,2724343,-24482,-149078,2844395,16844,-66488
199053,"Nemzeti Korona Lap, Könyvkiadó, Kereskedelmi és Szolgáltató Korlátolt Felelősségű Társaság",,,,,,,,,,,,,,,,,,,,,,,,,,,,,,,,,,,,
199054,Nemzeti Sport Lap- Könyvkiadó és Szolgáltató Korlátolt Felelősségű Társaság,,,,2232982,-77854,-80795,,,,,,,,,,,,,,,,,,,,,,,,,,,,,,
92090,Népszabadság Kiadó és Nyomdaipari Zártkörűen Működő Részvénytársaság,,,,,,,,,,7911324,496719,291148,7427863,8489,-177778,7507328,393513,225353,7563337,42406,-184763,7064573,333304,197065,6828732,344025,166858,6637450,282357,25832,6591819,-460704,-561173,5388157,-1257718,-1200140
92092,Népszava Lapkiadó Korlátolt Felelősségű Társaság,,,,,,,,,,,,,,,,707311,-144173,-143379,901894,55490,64377,763521,88044,88912,629773,13926,13937,301531,200,-18316,262178,-3154,-357,1129873,-171696,-43715
92093,Népújság Korlátolt Felelősségű Társaság Békéscsaba,,,,679848,62529,71391,690112,49514,55804,,,,935236,115823,136871,1017188,101979,121127,1079781,108532,125106,1077919,69640,82081,1156717,124100,144696,1214888,134359,152958,1249978,138044,164482,1101118,79337,95251
93414,Net Média Kiadó és Internet Tartalomszolgáltató Zártkörűen Működő Részvénytársaság,,,,,,,4743,-1122,-1676,9103,1155,1409,11525,86,228,107533,29087,28537,143973,35384,32243,203804,8741,-1045,335540,89105,84300,,,,719873,149853,159660,1336891,465991,568584
199055,New World Publishing Kft.,,,,,,,,,,466853,-31824,-29682,393450,31829,-36670,349922,17629,12032,351535,-40920,-53357,335075,-53724,-52296,264653,-37634,-37997,,,,90864,0,-36269,,,
92115,Nógrádi Média Kiadói Korlátolt Felelősségű Társaság,,,,242485,387,264,270430,562,673,299859,159,443,329822,1841,2482,347042,207,498,354061,4305,5286,360263,4749,5859,374208,1016,4816,363571,-4240,731,369833,-5050,1883,335909,120,4951
199056,NSZ 1999 Lapkiadó Részvénytársaság,,,,129009,-69079,-69931,,,,938223,-291782,-283508,885256,-49032,-38626,885256,-49032,-38626,,,,,,,,,,,,,,,,,,
92176,Origo Média és Kommunikációs Szolgáltató Zártkörűen Működő Részvénytársaság,,,,,,,,,,,,,8532552,-2586478,-1889068,12015426,-2288135,-2010969,19782174,737175,948047,27205140,2242014,2267966,35080480,1723442,1749312,31093395,-2199903,-2196887,4494361,-833260,-965880,3735081,-1234739,-1493107
98208,Országos Kereskedelmi Rádió Rt.,1755685,-250153,-57344,2373365,133744,323022,2754256,84658,433539,,,,2273921,116893,630329,2090039,-20379,365314,2271070,93109,114342,1930296,30694,210563,2311686,158255,278861,2106703,301787,297927,1916407,88814,292912,1190520,-1030619,-1020022
199057,P & B Média Portfóliókezelő Rt.,,,,2212922,670013,-1217889,1054352,-267608,-473176,0,-91,-91,370,-72282,-12793,,,,,,,,,,,,,,,,,,,,,
92254,Pannon Broadcast Televízió Kft.,0,6,-205,,,,0,-7294,-7422,42,9858,9851,115,-2769,-2774,470,-1215,54,4256,1072,1064,7734,-155,-190,6764,1691,1709,13028,62,74,52646,-56,-39,34313,75,110
92254,PANNON BROADCAST Televízió Kolrátolt Felelősségű Társaság,0,6,-205,,,,0,-7294,-7422,42,9858,9851,115,-2769,-2774,470,-1215,54,4256,1072,1064,7734,-155,-190,6764,1691,1709,13028,62,74,52646,-56,-39,34313,75,110
92258,Pannon Lapok Társasága Kiadói Korlátolt Felelősségű Társaság,,,,5968390,152035,283767,,,,,,,7684559,178182,205230,8057954,305434,399903,8942898,788149,819792,9164478,773077,712474,9774034,508781,468401,9795646,317168,140904,10129819,208159,59184,9158755,229084,158060
92287,Pax TV Rt.,,,,,,,,,,,,,108036,-151643,-135769,68222,132665,-94391,109424,23214,2414,121706,-11321,3037,163302,35824,22852,124801,9776,-15285,133747,-10286,-15138,120513,40770,-8351
92292,Pécs Médiaközpont Korlátolt Felelősségű Társaság,0,-102,103,136453,832,1937,,,,,,,112538,906,1789,117595,496,1074,135237,-1391,-1160,122704,93,369,121882,-20965,-20923,112580,-2765,-18767,142099,757,1570,196041,6165,7702
92324,Petőfi Lap- és Könyvkiadó Korlátolt Felelősségű Társaság,967379,139592,162174,1073882,140973,166209,1087802,126420,150468,1228492,132473,154994,1351697,149027,175532,1341672,135191,163272,1467037,151989,173645,1488060,73769,91471,1522200,156468,183127,1515262,127736,153467,1497918,194977,239026,1306676,137063,167913
199058,Piac és Marketing Kft.,,,,,,,,,,,,,,,,,,,0,-1688,-1688,,,,,,,,,,,,,,,
92333,Piac és Profit Kiadó Korlátolt Felelősségű Társaság,125646,890,1402,152526,-11519,-11462,,,,258438,53,-35,219468,8570,9005,275767,544,546,280043,7004,7606,331801,37420,22145,340494,20347,2843,342280,13974,-4507,381693,9487,-12513,250595,4777,-17686
92368,POP Print és Online Piac Korlátolt Felelősségű Társaság,,,,,,,,,,,,,,,,,,,,,,,,,,,,,,,,,,,,
199059,PORTA Ingatlanközvetítő és Reklámszervező Gazdasági Munkaközösség,,,,,,,,,,,,,,,,,,,,,,,,,,,,,,,,,,,,
96008,Press+Print Kft.,77544,3121,2297,92435,-637,-756,124994,-1367,555,164178,2367,4998,201618,16676,24114,208425,14242,28668,212277,27737,24344,219644,1146,13122,221938,13136,23058,157089,2577,7036,147571,2967,9611,119033,2405,8818
92403,PROGETTO MÉDIA Szolgáltató Korlátolt Felelősségű Társaság,,,,,,,,,,,,,,,,,,,,,,,,,250,-159,-24,0,-1096,-1240,0,-55,-55,0,-278,-278
92404,Progressio Lapkiadó és Szolgáltató Kft.,23328,-1420,-1827,22288,-764,-771,26220,1941,1933,25927,90,82,22943,758,745,21022,1128,1126,19860,-3317,-7202,17213,-5642,-7688,8606,900,-155,,,,0,-11,-11,0,85,85
92443,Rádió 1 Rádióműsort Készítő és Közlő Korlátolt Felelősségű Társaság,291277,0,-29026,317514,0,-76277,,,,676978,-127193,-111936,789298,-69365,-168552,767556,-267097,-228549,989469,-248504,-240610,1159811,-513793,-369079,1558925,547264,-270713,1329621,-292162,-282311,1428676,44659,43327,1509250,45508,37923
92455,Rádió Juventus Műsorszolgáltató Részvénytársaság,,,,,,,,,,732949,-163238,-158034,635921,67196,-278062,635070,-98007,-120342,646624,113720,36086,617311,-124623,-16302,601732,-73863,-74032,561140,84049,-25690,533751,-41759,-24648,411173,-130622,-135623
92513,RF-HOBBY Lapkiadó Korlátolt Felelősségű Társaság,,,,,,,,,,,,,,,,,,,42157,-30545,-31368,72231,-3504,-4495,120677,-7184,-7903,188082,436,-4578,185958,-1320,-1731,185253,-3436,-3186
92518,Ringier Kiadó Korlátolt Felelősségű Társaság,1318709,-453714,-461007,1941404,3283887,-124212,,,,4280500,276528,15443,7062605,802552,738196,8828894,1303277,1075376,11533129,660615,477141,11082056,628365,730681,13054142,1621953,1940888,13143303,1447435,1660186,13819390,1466564,1576391,12787910,774062,686165
92564,Sanoma Budapest Kiadói Zártkörűen Működő Részvénytársaság,,,,,,,,,,,,,9488458,-740828,371713,16895601,1638531,1242691,17207371,1956459,1378434,18008580,2684504,2179853,19828976,2775422,2259604,21987661,2948530,2229665,22603134,3084768,1851523,18969393,174944,-21728
92565,Sanoma Digital Media Zrt.,,,,,,,,,,,,,,,,,,,,,,4919,-128237,-128024,383849,-131617,-122715,800738,-21834,-18542,1032118,-115779,-109509,1237222,-137392,-128300
93480,Sláger Rádió Műsorszolgáltató Részvénytársaság,,,,,,,,,,,,,2409217,-169044,-204339,2598333,2182832,29688,3528356,1097983,851510,3856111,679073,1109011,4000059,946027,1001744,3895583,771853,942192,4183612,1242228,1365636,2611784,167656,513
199060,Spektrum-TV Rt,,,,,,,,,,1208497,343531,398292,1264923,405713,501509,1239353,429204,523814,1249430,413768,496496,1435558,668566,705656,1820954,994551,1123388,1853471,956956,1072476,1905097,895261,1041822,,,
199061,Sport1 TV Műsorszolgáltató Zrt.,,,,,,,300,-61024,-61024,374740,1742211,-1645539,2159959,-884323,-873899,2962595,282893,328043,3341154,-148331,271545,4317058,941382,1029263,5385718,1389848,1434706,6649083,1449394,1589574,5645338,1350173,1502373,,,
92645,Sprint Kereskedelmi és Szolgáltató Korlátolt Felelősségű Társaság,62046,9422,7990,73856,8506,10868,92629,17327,20589,93997,2737,4694,163487,20706,19298,191693,17366,19592,167984,2148,2233,191143,11146,11906,216490,17154,16155,204858,31928,31385,230918,23984,68429,237650,35994,33037
199062,Strigonium Számviteli és Gazdasági Tanácsadó Zártkörűen Működő Részvénytársaság,27,-3506,-1747,3554,1278,204,,,,151631,-12182,-15693,161706,30702,33974,77152,-10606,-12380,114098,-72049,-78691,113154,-93809,-96836,210151,-135776,-147666,243837,-69040,-96897,162695,37851,-17781,162342,1957,-61979
96037,Stringonium Press Kft.,,,,,,,,,,,,,,,,,,,,,,,,,,,,,,,,,,242085,-29051,-29050
199063,Szabad Föld Lap- és Könyvkiadó Részvénytársaság,,,,662187,113174,56526,149897,30701,23973,177740,37665,34654,176042,41659,42218,188608,25415,24035,,,,,,,,,,,,,,,,,,
199064,Szegedi Közlekedési Korlátolt Felelősségű Társaság,,,,,,,1104061,-90830,-110294,,,,1018555,101798,-145712,1043182,-111789,-151549,1521653,29705,71954,1845845,38612,61597,1965146,25516,6387,2075005,115443,122494,2399602,29074,135693,2307893,4695,42410
199065,Szív TV Rt.,,,,,,,,,,,,,,,,,,,,,,,,,,,,,,,,,,,,
92805,Sztrato Kiadói Korlátolt Felelősségű Társaság,57323,580,-676,57374,9889,-6537,27510,462,603,41834,1513,1480,35202,1792,2175,58117,6245,6549,46110,804,873,71159,1402,1300,73248,2952,3936,118289,22606,30517,51791,123,542,31007,89,673
92839,TATABÁNYAI KÖZÖSSÉGI TELEVIZIÓ Korlátolt Felelősségű Társaság,8973,-3193,-3213,,,,,,,15081,2431,2896,17186,-4592,-4686,40853,-1270,-1170,45699,-4093,-4046,39001,-1161,-1158,49237,835,936,43290,-4857,-4924,58935,-3606,-3363,39014,-12601,-12429
92851,Telegráf Kiadó Korlátolt Felelősségű Társaság,,,,361986,-29044,-47245,473811,-17474,-10673,550225,-29486,10379,646930,17854,22509,624712,51254,68880,599639,37145,37266,629212,64475,37639,778271,81091,104702,750985,105192,92954,704007,46157,30058,583678,22377,-3517
99632,Tel-Info Informatikai és Szolgáltató Betéti Társaság,,,,,,,112224,2131,3400,118003,4512,5228,145800,13193,13744,161493,736,1626,159275,444,496,144436,2921,3687,58198,372,1179,13780,-4502,-4457,8260,-8074,-6683,12010,-1832,-1795
93923,Tematik Kabel Kereskedelmi és Szolgáltató Korlátolt Felelősségű Társaság,,,,,,,,,,,,,,,,,,,,,,,,,,,,0,-144,-144,10409,1536,1722,37394,2212,2361
92881,Théma Lapkiadó Kereskedelmi és Szolgáltatási Korlátolt Felelősségű Társaság,,,,,,,,,,,,,,,,,,,29820,-83448,-83138,394598,-543093,-490003,610935,-410581,-353217,508801,-414242,-391991,866327,-148666,-169967,1039345,-144977,-93532
92954,TUEGO Szolgáltató és Kereskedelmi Közkereseti Társaság,,,,,,,,,,14590,0,,19000,0,,17538,1488,2216,17561,2380,3321,18834,529,1183,22853,2359,3232,25116,3882,2124,6164,-330,-333,4218,22,427
92968,TV Paprika Műsorszolgáltató Zártkörűen Működő Részvénytársaság,,,,,,,,,,,,,,,,,,,,,,,,,,,,,,,0,-45317,-10092,535727,-3303787,-2981543
199066,TV Paprika Rt.,,,,,,,,,,,,,,,,,,,,,,293686,-64017,-34151,715977,74526,120402,1014468,128494,198273,1262297,287470,375943,,,
199067,TVegy Kultúrális és Műsorszolgáltató Rt,,,,,,,184712,743,699,,,,,,,,,,,,,,,,,,,,,,,,,,,
92990,Újpesti Sajtó Szolgáltató Nonprofit Korlátolt Felelősségű Társaság,,,,,,,,,,,,,,,,,,,,,,,,,,,,,,,,,,,,
92999,Ursa Et Ursus Kiadó Kft,,,,,,,,,,,,,,,,,,,,,,,,,,,,,,,,,,476,-8228,-8229
199068,Városi Televízió Kft.,,,,50088,-4755,-4531,,,,112402,1,-5900,130927,2227,-8509,136976,3586,-10171,137607,-8105,-22431,132247,-5339,-20124,144434,57,-11766,128724,-10899,-8786,121892,-4044,-2486,145797,-64409,-64990
93039,VÁROS-KÉP Szolgáltató Nonprofit Korlátolt Felelősségű Társaság,,,,,,,,,,,,,,,,,,,,,,,,,,,,,,,,,,241599,3124,3211
93510,Vas Népe Reklám-Propaganda és Kiadói Betéti Társaság,,,,,,,,,,,,,,,,,,,,,,,,,,,,,,,,,,155199,15034,19190
92971,VH Információs Korlátolt Felelősségű Társaság,150185,13250,,178515,14612,17409,145730,-49805,-42466,243289,-6051,-314,276439,9525,15007,281236,-28265,-33682,275799,-26384,-28708,404514,6631,11240,402629,-6198,-4234,250215,-103927,-97971,226296,-85997,-79210,169126,-141673,-136845
98204,Viasat Hungária Rt,,,,,,,,,,158647,-1620382,-1626972,1900662,1998063,89903,2287679,193815,193338,2641349,217773,5880,3213770,341969,291549,3578911,316739,203482,4873692,259647,163890,5984606,201110,487172,6072847,346264,783988
93113,Vital TV Zrt.,,,,,,,,,,,,,,,,,,,,,,420,-3528,-3540,5857,-374939,-375287,51800,-375598,-375376,,,,,,
199069,Vogel Publishing Kiadó Korlátolt Felelősségű Társaság,436203,7423,11174,822908,13106,14427,,,,,,,621257,-204809,-206179,505882,-129836,-108806,268640,79384,49687,0,46238,34968,0,78306,3807,0,-660,-661,0,-2228,-631,0,-2161,-1642
93140,"Word Communications Kiadói, Kereskedelmi és Szolgáltató Korlátolt Felelősségű Társaság",,,,,,,,,,,,,36425,-23251,-23255,116602,-8880,-8015,118556,19,3278,129554,210,3045,133930,313,3919,207131,2998,6809,188115,-3458,932,168264,-14753,-10983
93152,Z+ Műsorszolgáltató Rt.,,,,,,,,,,,,,964024,7134,-10958,1102458,234627,222063,1317706,268484,236971,1474107,239953,215542,1730302,263482,232807,1899817,264163,280048,2158007,293723,302809,2275194,501904,530294
93165,Zalai Hírlap Kiadói Betéti Társaság,,,,,,,,,,,,,,,,,,,,,,,,,,,,,,,,,,150973,13100,16641
199070,Zenit Televízió Rt.,,,,,,,,,,14151,215,259,11620,-468,-474,11941,761,927,,,,,,,,,,,,,,,,,,
199071,ZEPHYR 2000 Kereskedelmi és Szolgáltató Betéti Társaság,,,,,,,,,,,,,,,,,,,62571,-43,-20,40867,2399,3074,61318,13493,16224,74641,6929,10122,57503,1223,2574,,,
93186,Zöld Újság Tömegkommunikációs és Kiadói Zártkörűen Működő Részvénytársaság,,,,934057,66114,60182,1043371,45856,35052,1180956,18115,6712,1098819,55784,60912,1152694,134504,148484,1260619,136308,132255,1323587,138203,117995,1377390,165797,189712,1415177,126177,173341,1546055,148899,195505,1340368,81230,108309
96941,Zselici Forrás Szolgáltató Korlátolt Felelősségű Társaság,,,,,,,,,,,,,,,,,,,,,,,,,,,,12038,2282,2667,37344,1978,2398,46012,3962,4795
199072,Budapesti Kommunikációs Rt.,,,,,,,,,,,,,,,,,,,,,,,,,,,,,,,,,,,,
199015,dr. Bródy Péter,,,,,,,,,,,,,,,,,,,,,,,,,,,,,,,,,,,,
199073,"INFORM MÉDIA Lapkiadó, Információs és Kulturális Korlátolt Felelősségű Társaság",,,,,,,,,,,,,,,,,,,,,,,,,,,,,,,,,,,,
91968,MOTOR-PRESSE BUDAPEST Kft.,,,,,,,,,,,,,,,,,,,,,,,,,,,,,,,1142795,-39002,-54732,867310,-110418,-164862
